folder,date_S2,FLOODING_S2,FULL-DATA-COVERAGE,filename_S2,count_S2,date_S1,FLOODING_S1,orbit,filename_S1,count_S1
0,2019-04-21,True,True,S2_2019-04-21,9,2019-04-19,True,DESCENDING,S1B_IW_GRDH_1SDV_20190419T160654_20190419T160723_015877_01DD38_00F9,20
0001,2019-02-06,False,True,S2_2019-02-06,9,2019-01-28,False,ASCENDING,S1A_IW_GRDH_1SDV_20190128T190811_20190128T190836_025682_02DA65_199F,4
0004,2019-01-16,False,True,S2_2019-01-16,9,2019-01-15,False,ASCENDING,S1B_IW_GRDH_1SSV_20190115T172454_20190115T172530_014507_01B057_2CF1,12
0005,2019-01-16,False,True,S2_2019-01-16,9,2019-01-15,False,ASCENDING,S1B_IW_GRDH_1SSV_20190115T172454_20190115T172530_014507_01B057_2CF1,12
0006,2019-01-16,False,True,S2_2019-01-16,9,2019-01-15,False,ASCENDING,S1B_IW_GRDH_1SSV_20190115T172454_20190115T172530_014507_01B057_2CF1,12
0007,2019-02-08,False,True,S2_2019-02-08,9,2019-02-05,False,DESCENDING,S1B_IW_GRDH_1SDV_20190205T031123_20190205T031148_014805_01B9FF_DC8A,5
0009,2019-02-08,False,True,S2_2019-02-08,9,2019-02-05,False,DESCENDING,S1B_IW_GRDH_1SDV_20190205T031123_20190205T031148_014805_01B9FF_DC8A,8
0010,2019-02-08,False,True,S2_2019-02-08,9,2019-02-05,False,DESCENDING,S1B_IW_GRDH_1SDV_20190205T031123_20190205T031148_014805_01B9FF_DC8A,8
0011,2019-02-08,False,True,S2_2019-02-08,9,2019-02-05,False,DESCENDING,S1B_IW_GRDH_1SDV_20190205T031123_20190205T031148_014805_01B9FF_DC8A,8
0012,2019-02-08,False,True,S2_2019-02-08,9,2019-02-05,False,DESCENDING,S1B_IW_GRDH_1SDV_20190205T031123_20190205T031148_014805_01B9FF_DC8A,5
0013,2019-02-08,False,True,S2_2019-02-08,9,2019-02-05,False,DESCENDING,S1B_IW_GRDH_1SDV_20190205T031123_20190205T031148_014805_01B9FF_DC8A,8
0014,2019-02-08,False,True,S2_2019-02-08,9,2019-02-05,False,DESCENDING,S1B_IW_GRDH_1SDV_20190205T031123_20190205T031148_014805_01B9FF_DC8A,8
0015,2019-02-08,False,True,S2_2019-02-08,9,2019-02-05,False,DESCENDING,S1B_IW_GRDH_1SDV_20190205T031123_20190205T031148_014805_01B9FF_DC8A,8
0018,2019-02-08,False,True,S2_2019-02-08,9,2019-02-05,False,DESCENDING,S1B_IW_GRDH_1SDV_20190205T031123_20190205T031148_014805_01B9FF_DC8A,8
0020,2019-02-08,False,True,S2_2019-02-08,9,2019-02-05,False,DESCENDING,S1B_IW_GRDH_1SDV_20190205T031123_20190205T031148_014805_01B9FF_DC8A,8
0021,2019-02-08,False,True,S2_2019-02-08,9,2019-02-05,False,DESCENDING,S1B_IW_GRDH_1SDV_20190205T031123_20190205T031148_014805_01B9FF_DC8A,8
0022,2019-01-28,False,True,S2_2019-01-28,4,2019-01-24,False,DESCENDING,S1B_IW_GRDH_1SDV_20190120T034417_20190120T034442_014572_01B25A_F7AD,10
0023,2019-01-28,False,True,S2_2019-01-28,4,2019-01-24,False,DESCENDING,S1B_IW_GRDH_1SDV_20190120T034417_20190120T034442_014572_01B25A_F7AD,10
0024,2019-01-28,False,True,S2_2019-01-28,4,2019-01-24,False,DESCENDING,S1B_IW_GRDH_1SDV_20190120T034417_20190120T034442_014572_01B25A_F7AD,10
0025,2019-01-28,False,True,S2_2019-01-28,4,2019-01-24,False,DESCENDING,S1B_IW_GRDH_1SDV_20190120T034417_20190120T034442_014572_01B25A_F7AD,10
0026,2019-01-28,False,True,S2_2019-01-28,4,2019-01-24,False,DESCENDING,S1B_IW_GRDH_1SDV_20190120T034417_20190120T034442_014572_01B25A_F7AD,10
0027,2019-01-28,False,True,S2_2019-01-28,4,2019-01-24,False,DESCENDING,S1B_IW_GRDH_1SDV_20190120T034417_20190120T034442_014572_01B25A_F7AD,10
0028,2019-02-01,False,True,S2_2019-02-01,3,2019-01-23,False,ASCENDING,S1B_IW_GRDH_1SDV_20190123T162344_20190123T162409_014623_01B40F_3BD7,3
0029,2019-02-01,False,True,S2_2019-02-01,3,2019-01-23,False,ASCENDING,S1B_IW_GRDH_1SDV_20190123T162344_20190123T162409_014623_01B40F_3BD7,3
0030,2019-02-01,False,True,S2_2019-02-01,3,2019-01-23,False,ASCENDING,S1B_IW_GRDH_1SDV_20190123T162344_20190123T162409_014623_01B40F_3BD7,3
0031,2019-02-01,False,True,S2_2019-02-01,3,2019-01-23,False,ASCENDING,S1B_IW_GRDH_1SDV_20190123T162344_20190123T162409_014623_01B40F_3BD7,3
0033,2019-02-01,False,True,S2_2019-02-01,3,2019-01-23,False,ASCENDING,S1B_IW_GRDH_1SDV_20190123T162344_20190123T162409_014623_01B40F_3BD7,3
0034,2019-02-01,False,True,S2_2019-02-01,3,2019-01-23,False,ASCENDING,S1B_IW_GRDH_1SDV_20190123T162344_20190123T162409_014623_01B40F_3BD7,3
0035,2019-02-01,False,True,S2_2019-02-01,3,2019-01-23,False,ASCENDING,S1B_IW_GRDH_1SDV_20190123T162344_20190123T162409_014623_01B40F_3BD7,3
0036,2019-02-01,False,True,S2_2019-02-01,3,2019-01-23,False,ASCENDING,S1B_IW_GRDH_1SDV_20190123T162344_20190123T162409_014623_01B40F_3BD7,3
0037,2019-02-01,False,True,S2_2019-02-01,3,2019-01-23,False,ASCENDING,S1B_IW_GRDH_1SDV_20190123T162344_20190123T162409_014623_01B40F_3BD7,3
0042,2019-02-01,False,True,S2_2019-02-01,3,2019-01-23,False,ASCENDING,S1B_IW_GRDH_1SDV_20190123T162344_20190123T162409_014623_01B40F_3BD7,3
0043,2019-02-01,False,True,S2_2019-02-01,3,2019-01-23,False,ASCENDING,S1B_IW_GRDH_1SDV_20190123T162344_20190123T162409_014623_01B40F_3BD7,3
0044,2019-02-01,False,True,S2_2019-02-01,3,2019-01-23,False,ASCENDING,S1B_IW_GRDH_1SDV_20190123T162344_20190123T162409_014623_01B40F_3BD7,3
0045,2019-02-01,False,True,S2_2019-02-01,3,2019-01-23,False,ASCENDING,S1B_IW_GRDH_1SDV_20190123T162344_20190123T162409_014623_01B40F_3BD7,3
0046,2019-02-01,False,True,S2_2019-02-01,3,2019-01-23,False,ASCENDING,S1B_IW_GRDH_1SDV_20190123T162344_20190123T162409_014623_01B40F_3BD7,3
0047,2019-02-01,False,True,S2_2019-02-01,3,2019-01-23,False,ASCENDING,S1B_IW_GRDH_1SDV_20190123T162344_20190123T162409_014623_01B40F_3BD7,3
0048,2019-02-01,False,True,S2_2019-02-01,3,2019-01-23,False,ASCENDING,S1B_IW_GRDH_1SDV_20190123T162344_20190123T162409_014623_01B40F_3BD7,3
0050,2019-02-01,False,True,S2_2019-02-01,3,2019-01-23,False,ASCENDING,S1B_IW_GRDH_1SDV_20190123T162344_20190123T162409_014623_01B40F_3BD7,3
0053,2019-02-01,False,True,S2_2019-02-01,3,2019-01-23,False,ASCENDING,S1B_IW_GRDH_1SDV_20190123T162344_20190123T162409_014623_01B40F_3BD7,3
0054,2019-02-01,False,True,S2_2019-02-01,3,2019-01-23,False,ASCENDING,S1B_IW_GRDH_1SDV_20190123T162344_20190123T162409_014623_01B40F_3BD7,3
0055,2019-02-01,False,True,S2_2019-02-01,3,2019-01-23,False,ASCENDING,S1B_IW_GRDH_1SDV_20190123T162344_20190123T162409_014623_01B40F_3BD7,3
0057,2019-02-01,False,True,S2_2019-02-01,3,2019-01-23,False,ASCENDING,S1B_IW_GRDH_1SDV_20190123T162344_20190123T162409_014623_01B40F_3BD7,3
0059,2019-02-06,False,True,S2_2019-02-06,9,2019-02-03,False,ASCENDING,S1B_IW_GRDH_1SDV_20190203T172003_20190203T172028_014784_01B941_BBDF,8
0060,2019-02-04,False,True,S2_2019-02-04,1,2019-02-09,False,ASCENDING,S1B_IW_GRDH_1SDV_20190209T163240_20190209T163305_014871_01BC1F_7E74,2
0061,2019-02-04,False,True,S2_2019-02-04,1,2019-02-09,False,ASCENDING,S1B_IW_GRDH_1SDV_20190209T163240_20190209T163305_014871_01BC1F_7E74,2
0063,2019-02-04,False,True,S2_2019-02-04,1,2019-02-09,False,ASCENDING,S1B_IW_GRDH_1SDV_20190209T163240_20190209T163305_014871_01BC1F_7E74,2
0065,2019-02-04,False,True,S2_2019-02-04,1,2019-02-09,False,ASCENDING,S1B_IW_GRDH_1SDV_20190209T163240_20190209T163305_014871_01BC1F_7E74,2
0066,2019-02-04,False,True,S2_2019-02-04,1,2019-02-09,False,ASCENDING,S1B_IW_GRDH_1SDV_20190209T163240_20190209T163305_014871_01BC1F_7E74,2
0067,2019-02-04,False,True,S2_2019-02-04,1,2019-02-09,False,ASCENDING,S1B_IW_GRDH_1SDV_20190209T163240_20190209T163305_014871_01BC1F_7E74,2
0068,2019-02-04,False,True,S2_2019-02-04,1,2019-02-09,False,ASCENDING,S1B_IW_GRDH_1SDV_20190209T163240_20190209T163305_014871_01BC1F_7E74,2
0069,2019-02-04,False,True,S2_2019-02-04,1,2019-02-09,False,ASCENDING,S1B_IW_GRDH_1SDV_20190209T163240_20190209T163305_014871_01BC1F_7E74,2
0070,2019-02-04,False,True,S2_2019-02-04,1,2019-02-09,False,ASCENDING,S1B_IW_GRDH_1SDV_20190209T163240_20190209T163305_014871_01BC1F_7E74,2
0071,2019-02-04,False,True,S2_2019-02-04,1,2019-02-09,False,ASCENDING,S1B_IW_GRDH_1SDV_20190209T163240_20190209T163305_014871_01BC1F_7E74,2
0072,2019-02-04,False,True,S2_2019-02-04,1,2019-02-09,False,ASCENDING,S1B_IW_GRDH_1SDV_20190209T163240_20190209T163305_014871_01BC1F_7E74,2
0073,2019-02-04,False,True,S2_2019-02-04,1,2019-02-09,False,ASCENDING,S1B_IW_GRDH_1SDV_20190209T163240_20190209T163305_014871_01BC1F_7E74,2
0074,2019-02-14,False,True,S2_2019-02-14,7,2019-02-12,False,DESCENDING,S1A_IW_GRDH_1SDV_20190212T161246_20190212T161311_025898_02E225_8914,12
0075,2019-02-14,False,True,S2_2019-02-14,7,2019-02-12,False,DESCENDING,S1B_IW_GRDH_1SDV_20190203T032731_20190203T032756_014776_01B8F2_A952,16
0076,2019-02-14,False,True,S2_2019-02-14,7,2019-02-07,False,DESCENDING,S1B_IW_GRDH_1SDV_20190203T032731_20190203T032756_014776_01B8F2_A952,13
0077,2019-02-14,False,True,S2_2019-02-14,7,2019-02-07,False,DESCENDING,S1B_IW_GRDH_1SDV_20190203T032731_20190203T032756_014776_01B8F2_A952,13
0079,2019-02-14,False,True,S2_2019-02-14,7,2019-02-12,False,DESCENDING,S1B_IW_GRDH_1SDV_20190203T032731_20190203T032756_014776_01B8F2_A952,18
0080,2019-02-14,False,True,S2_2019-02-14,7,2019-02-07,False,DESCENDING,S1B_IW_GRDH_1SDV_20190203T032731_20190203T032756_014776_01B8F2_A952,13
0081,2019-02-14,False,True,S2_2019-02-14,7,2019-02-07,False,DESCENDING,S1B_IW_GRDH_1SDV_20190203T032731_20190203T032756_014776_01B8F2_A952,13
0082,2019-02-14,False,True,S2_2019-02-14,7,2019-02-12,False,DESCENDING,S1A_IW_GRDH_1SDV_20190212T161246_20190212T161311_025898_02E225_8914,12
0084,2019-02-14,False,True,S2_2019-02-14,7,2019-02-07,False,DESCENDING,S1B_IW_GRDH_1SDV_20190203T032731_20190203T032756_014776_01B8F2_A952,13
0085,2019-02-14,False,True,S2_2019-02-14,7,2019-02-07,False,DESCENDING,S1B_IW_GRDH_1SDV_20190203T032731_20190203T032756_014776_01B8F2_A952,13
0086,2019-02-14,False,True,S2_2019-02-14,7,2019-02-12,False,DESCENDING,S1A_IW_GRDH_1SDV_20190212T161246_20190212T161311_025898_02E225_8914,12
0088,2019-02-14,False,True,S2_2019-02-14,7,2019-02-12,False,DESCENDING,S1B_IW_GRDH_1SDV_20190203T032731_20190203T032756_014776_01B8F2_A952,18
0089,2019-02-14,False,True,S2_2019-02-14,7,2019-02-07,False,DESCENDING,S1B_IW_GRDH_1SDV_20190203T032731_20190203T032756_014776_01B8F2_A952,13
0090,2019-02-11,False,True,S2_2019-02-11,7,2019-02-09,False,ASCENDING,S1B_IW_GRDH_1SDV_20190209T181740_20190209T181805_014873_01BC28_D12A,20
0091,2019-02-11,False,True,S2_2019-02-11,7,2019-02-09,False,ASCENDING,S1B_IW_GRDH_1SDV_20190209T181740_20190209T181805_014873_01BC28_D12A,10
0093,2019-02-11,False,True,S2_2019-02-11,7,2019-02-09,False,ASCENDING,S1B_IW_GRDH_1SDV_20190209T181740_20190209T181805_014873_01BC28_D12A,10
0094,2019-02-11,False,True,S2_2019-02-11,7,2019-02-09,False,ASCENDING,S1B_IW_GRDH_1SDV_20190209T181740_20190209T181805_014873_01BC28_D12A,10
0095,2019-02-11,False,True,S2_2019-02-11,7,2019-02-09,False,ASCENDING,S1B_IW_GRDH_1SDV_20190209T181740_20190209T181805_014873_01BC28_D12A,20
0096,2019-02-11,False,True,S2_2019-02-11,7,2019-02-09,False,ASCENDING,S1B_IW_GRDH_1SDV_20190209T181740_20190209T181805_014873_01BC28_D12A,10
0097,2019-02-11,False,True,S2_2019-02-11,7,2019-02-09,False,ASCENDING,S1B_IW_GRDH_1SDV_20190209T181740_20190209T181805_014873_01BC28_D12A,10
0098,2019-02-11,False,True,S2_2019-02-11,7,2019-02-09,False,ASCENDING,S1B_IW_GRDH_1SDV_20190209T181740_20190209T181805_014873_01BC28_D12A,10
0099,2019-02-11,False,True,S2_2019-02-11,7,2019-02-09,False,ASCENDING,S1B_IW_GRDH_1SDV_20190209T181740_20190209T181805_014873_01BC28_D12A,10
0100,2019-02-11,False,True,S2_2019-02-11,7,2019-02-09,False,ASCENDING,S1B_IW_GRDH_1SDV_20190209T181740_20190209T181805_014873_01BC28_D12A,20
0101,2019-02-11,False,True,S2_2019-02-11,7,2019-02-09,False,ASCENDING,S1B_IW_GRDH_1SDV_20190209T181740_20190209T181805_014873_01BC28_D12A,10
0102,2019-02-11,False,True,S2_2019-02-11,7,2019-02-09,False,ASCENDING,S1B_IW_GRDH_1SDV_20190209T181740_20190209T181805_014873_01BC28_D12A,10
0103,2019-02-11,False,True,S2_2019-02-11,7,2019-02-09,False,ASCENDING,S1B_IW_GRDH_1SDV_20190209T181740_20190209T181805_014873_01BC28_D12A,10
0104,2019-02-11,False,True,S2_2019-02-11,7,2019-02-09,False,ASCENDING,S1B_IW_GRDH_1SDV_20190209T181740_20190209T181805_014873_01BC28_D12A,10
0105,2019-02-11,False,True,S2_2019-02-11,7,2019-02-09,False,ASCENDING,S1B_IW_GRDH_1SDV_20190209T181740_20190209T181805_014873_01BC28_D12A,20
0106,2019-02-11,False,True,S2_2019-02-11,7,2019-02-09,False,ASCENDING,S1B_IW_GRDH_1SDV_20190209T181740_20190209T181805_014873_01BC28_D12A,10
0107,2019-02-11,False,True,S2_2019-02-11,7,2019-02-09,False,ASCENDING,S1B_IW_GRDH_1SDV_20190209T181740_20190209T181805_014873_01BC28_D12A,10
0108,2019-02-11,False,True,S2_2019-02-11,7,2019-02-09,False,ASCENDING,S1B_IW_GRDH_1SDV_20190209T181740_20190209T181805_014873_01BC28_D12A,10
0109,2019-02-11,False,True,S2_2019-02-11,7,2019-02-09,False,ASCENDING,S1B_IW_GRDH_1SDV_20190209T181740_20190209T181805_014873_01BC28_D12A,10
0111,2019-02-11,False,True,S2_2019-02-11,7,2019-02-09,False,ASCENDING,S1B_IW_GRDH_1SDV_20190209T181740_20190209T181805_014873_01BC28_D12A,20
0115,2019-02-10,False,True,S2_2019-02-10,6,2019-02-06,False,DESCENDING,S1B_IW_GRDH_1SDV_20190205T031744_20190205T031814_014805_01BA00_8D49,20
0116,2019-02-10,False,True,S2_2019-02-10,6,2019-02-05,False,DESCENDING,S1B_IW_GRDH_1SDV_20190205T031744_20190205T031814_014805_01BA00_8D49,16
0117,2019-02-10,False,True,S2_2019-02-10,6,2019-02-05,False,DESCENDING,S1B_IW_GRDH_1SDV_20190205T031814_20190205T031839_014805_01BA00_B14B,20
0118,2019-02-10,False,True,S2_2019-02-10,6,2019-02-05,False,DESCENDING,S1B_IW_GRDH_1SDV_20190205T031814_20190205T031839_014805_01BA00_B14B,20
0120,2019-02-10,False,True,S2_2019-02-10,6,2019-02-05,False,DESCENDING,S1B_IW_GRDH_1SDV_20190205T031814_20190205T031839_014805_01BA00_B14B,16
0121,2019-02-10,False,True,S2_2019-02-10,6,2019-02-05,False,DESCENDING,S1B_IW_GRDH_1SDV_20190205T031814_20190205T031839_014805_01BA00_B14B,16
0122,2019-02-10,False,True,S2_2019-02-10,6,2019-02-05,False,DESCENDING,S1B_IW_GRDH_1SDV_20190205T031814_20190205T031839_014805_01BA00_B14B,16
0123,2019-02-10,False,True,S2_2019-02-10,6,2019-02-05,False,DESCENDING,S1B_IW_GRDH_1SDV_20190205T031814_20190205T031839_014805_01BA00_B14B,16
0124,2019-02-10,False,True,S2_2019-02-10,6,2019-02-05,False,DESCENDING,S1B_IW_GRDH_1SDV_20190205T031814_20190205T031839_014805_01BA00_B14B,16
0125,2019-02-10,False,True,S2_2019-02-10,6,2019-02-05,False,DESCENDING,S1B_IW_GRDH_1SDV_20190205T031814_20190205T031839_014805_01BA00_B14B,21
0126,2019-02-10,False,True,S2_2019-02-10,6,2019-02-05,False,DESCENDING,S1B_IW_GRDH_1SDV_20190205T031814_20190205T031839_014805_01BA00_B14B,21
0127,2019-01-23,False,True,S2_2019-01-23,9,2019-01-20,False,ASCENDING,S1B_IW_GRDH_1SDV_20190119T165453_20190119T165522_014565_01B22A_95DC,9
0128,2019-01-23,False,True,S2_2019-01-23,9,2019-01-20,False,ASCENDING,S1B_IW_GRDH_1SDV_20190119T165453_20190119T165522_014565_01B22A_95DC,9
0130,2019-01-23,False,True,S2_2019-01-23,9,2019-01-20,False,ASCENDING,S1B_IW_GRDH_1SDV_20190119T165453_20190119T165522_014565_01B22A_95DC,9
0131,2019-01-23,False,True,S2_2019-01-23,9,2019-01-20,False,ASCENDING,S1B_IW_GRDH_1SDV_20190119T165453_20190119T165522_014565_01B22A_95DC,9
0132,2019-01-23,False,True,S2_2019-01-23,9,2019-01-20,False,ASCENDING,S1B_IW_GRDH_1SDV_20190119T165453_20190119T165522_014565_01B22A_95DC,9
0133,2019-01-23,False,True,S2_2019-01-23,9,2019-01-20,False,ASCENDING,S1B_IW_GRDH_1SDV_20190119T165453_20190119T165522_014565_01B22A_95DC,9
0134,2019-01-23,False,True,S2_2019-01-23,9,2019-01-20,False,ASCENDING,S1B_IW_GRDH_1SDV_20190119T165453_20190119T165522_014565_01B22A_95DC,9
0135,2019-01-23,False,True,S2_2019-01-23,9,2019-01-20,False,ASCENDING,S1B_IW_GRDH_1SDV_20190119T165453_20190119T165522_014565_01B22A_95DC,9
0137,2019-04-09,True,True,S2_2019-04-09,6,2019-04-07,True,DESCENDING,S1B_IW_GRDH_1SDV_20190407T160813_20190407T160838_015702_01D76E_5370,12
0138,2019-04-09,True,True,S2_2019-04-09,6,2019-04-07,True,DESCENDING,S1B_IW_GRDH_1SDV_20190407T160748_20190407T160813_015702_01D76E_FF70,10
0139,2019-04-09,True,True,S2_2019-04-09,6,2019-04-07,True,DESCENDING,S1B_IW_GRDH_1SDV_20190407T160748_20190407T160813_015702_01D76E_FF70,10
0140,2019-04-21,True,True,S2_2019-04-21,9,2019-04-19,True,DESCENDING,S1B_IW_GRDH_1SDV_20190419T160654_20190419T160723_015877_01DD38_00F9,28
0141,2019-04-21,True,True,S2_2019-04-21,9,2019-04-19,True,DESCENDING,S1B_IW_GRDH_1SDV_20190419T160654_20190419T160723_015877_01DD38_00F9,28
0143,2019-04-21,True,True,S2_2019-04-21,9,2019-04-19,True,DESCENDING,S1B_IW_GRDH_1SDV_20190419T160654_20190419T160723_015877_01DD38_00F9,28
0144,2019-04-21,True,True,S2_2019-04-21,9,2019-04-19,True,DESCENDING,S1B_IW_GRDH_1SDV_20190419T160654_20190419T160723_015877_01DD38_00F9,29
0145,2019-04-21,True,True,S2_2019-04-21,9,2019-04-19,True,DESCENDING,S1B_IW_GRDH_1SDV_20190419T160654_20190419T160723_015877_01DD38_00F9,21
0146,2019-04-21,True,True,S2_2019-04-21,9,2019-04-19,True,DESCENDING,S1B_IW_GRDH_1SDV_20190419T160654_20190419T160723_015877_01DD38_00F9,21
0147,2019-04-21,True,True,S2_2019-04-21,9,2019-04-19,True,DESCENDING,S1B_IW_GRDH_1SDV_20190419T160654_20190419T160723_015877_01DD38_00F9,21
0148,2019-04-21,True,True,S2_2019-04-21,9,2019-04-19,True,DESCENDING,S1B_IW_GRDH_1SDV_20190419T160654_20190419T160723_015877_01DD38_00F9,28
0149,2019-04-21,True,True,S2_2019-04-21,9,2019-04-19,True,DESCENDING,S1B_IW_GRDH_1SDV_20190419T160654_20190419T160723_015877_01DD38_00F9,27
0150,2019-04-21,True,True,S2_2019-04-21,9,2019-04-19,True,DESCENDING,S1B_IW_GRDH_1SDV_20190419T160654_20190419T160723_015877_01DD38_00F9,20
0151,2019-04-21,True,True,S2_2019-04-21,9,2019-04-19,True,DESCENDING,S1B_IW_GRDH_1SDV_20190419T160654_20190419T160723_015877_01DD38_00F9,20
0154,2019-04-21,True,True,S2_2019-04-21,9,2019-04-19,True,DESCENDING,S1B_IW_GRDH_1SDV_20190419T160654_20190419T160723_015877_01DD38_00F9,20
0155,2019-04-21,True,True,S2_2019-04-21,9,2019-04-19,True,DESCENDING,S1B_IW_GRDH_1SDV_20190419T160654_20190419T160723_015877_01DD38_00F9,20
0156,2019-04-21,True,True,S2_2019-04-21,9,2019-04-19,True,DESCENDING,S1B_IW_GRDH_1SDV_20190419T160654_20190419T160723_015877_01DD38_00F9,20
0157,2019-04-21,True,True,S2_2019-04-21,9,2019-04-19,True,DESCENDING,S1B_IW_GRDH_1SDV_20190419T160654_20190419T160723_015877_01DD38_00F9,20
0158,2019-04-21,True,True,S2_2019-04-21,9,2019-04-19,True,DESCENDING,S1B_IW_GRDH_1SDV_20190419T160654_20190419T160723_015877_01DD38_00F9,20
0159,2019-04-21,True,True,S2_2019-04-21,9,2019-04-19,True,DESCENDING,S1B_IW_GRDH_1SDV_20190419T160654_20190419T160723_015877_01DD38_00F9,20
0160,2019-04-16,True,True,S2_2019-04-16,5,2019-04-14,True,DESCENDING,S1B_IW_GRDH_1SDV_20190414T155907_20190414T155936_015804_01DABB_37C4,26
0161,2019-04-16,True,True,S2_2019-04-16,5,2019-04-14,True,DESCENDING,S1B_IW_GRDH_1SDV_20190414T155907_20190414T155936_015804_01DABB_37C4,23
0162,2019-04-16,True,True,S2_2019-04-16,5,2019-04-14,True,DESCENDING,S1B_IW_GRDH_1SDV_20190414T155907_20190414T155936_015804_01DABB_37C4,30
0163,2019-04-16,True,True,S2_2019-04-16,5,2019-04-14,True,DESCENDING,S1B_IW_GRDH_1SDV_20190414T155907_20190414T155936_015804_01DABB_37C4,23
0165,2019-04-16,True,True,S2_2019-04-16,5,2019-04-14,True,DESCENDING,S1B_IW_GRDH_1SDV_20190414T155907_20190414T155936_015804_01DABB_37C4,24
0166,2019-04-16,True,True,S2_2019-04-16,5,2019-04-14,True,DESCENDING,S1B_IW_GRDH_1SDV_20190414T155907_20190414T155936_015804_01DABB_37C4,31
0167,2019-04-16,True,True,S2_2019-04-16,5,2019-04-14,True,DESCENDING,S1B_IW_GRDH_1SDV_20190414T155907_20190414T155936_015804_01DABB_37C4,25
0168,2019-04-16,True,True,S2_2019-04-16,5,2019-04-14,True,DESCENDING,S1B_IW_GRDH_1SDV_20190414T155907_20190414T155936_015804_01DABB_37C4,30
0169,2019-04-16,True,True,S2_2019-04-16,5,2019-04-14,True,DESCENDING,S1B_IW_GRDH_1SDV_20190414T155907_20190414T155936_015804_01DABB_37C4,26
0170,2019-04-18,True,True,S2_2019-04-18,5,2019-04-14,True,DESCENDING,S1B_IW_GRDH_1SDV_20190414T155907_20190414T155936_015804_01DABB_37C4,14
0171,2019-04-18,True,True,S2_2019-04-18,5,2019-04-14,True,DESCENDING,S1B_IW_GRDH_1SDV_20190414T155907_20190414T155936_015804_01DABB_37C4,14
0173,2019-04-18,True,True,S2_2019-04-18,5,2019-04-14,True,DESCENDING,S1B_IW_GRDH_1SDV_20190414T155907_20190414T155936_015804_01DABB_37C4,14
0174,2019-04-18,True,True,S2_2019-04-18,5,2019-04-14,True,DESCENDING,S1B_IW_GRDH_1SDV_20190414T155907_20190414T155936_015804_01DABB_37C4,14
0176,2019-04-18,True,True,S2_2019-04-18,5,2019-04-14,True,DESCENDING,S1B_IW_GRDH_1SDV_20190414T155907_20190414T155936_015804_01DABB_37C4,14
0177,2019-04-27,True,True,S2_2019-04-27,7,2019-04-17,True,DESCENDING,S1B_IW_GRDH_1SDV_20190417T162320_20190417T162345_015848_01DC3E_605F,11
0178,2019-04-27,True,True,S2_2019-04-27,7,2019-04-17,True,DESCENDING,S1B_IW_GRDH_1SDV_20190417T162320_20190417T162345_015848_01DC3E_605F,12
0181,2019-04-27,True,True,S2_2019-04-27,6,2019-04-17,True,DESCENDING,S1B_IW_GRDH_1SDV_20190417T162320_20190417T162345_015848_01DC3E_605F,11
0182,2019-04-27,True,True,S2_2019-04-27,6,2019-04-17,True,DESCENDING,S1B_IW_GRDH_1SDV_20190417T162320_20190417T162345_015848_01DC3E_605F,11
0184,2019-04-27,True,True,S2_2019-04-27,6,2019-04-17,True,DESCENDING,S1B_IW_GRDH_1SDV_20190417T162320_20190417T162345_015848_01DC3E_605F,11
0186,2019-04-24,True,True,S2_2019-04-24,9,2019-04-17,True,DESCENDING,S1B_IW_GRDH_1SDV_20190417T162320_20190417T162345_015848_01DC3E_605F,14
0187,2019-04-24,True,True,S2_2019-04-24,9,2019-04-17,True,DESCENDING,S1B_IW_GRDH_1SDV_20190417T162320_20190417T162345_015848_01DC3E_605F,15
0188,2019-04-24,True,True,S2_2019-04-24,9,2019-04-17,True,DESCENDING,S1B_IW_GRDH_1SDV_20190417T162320_20190417T162345_015848_01DC3E_605F,14
0191,2019-04-24,True,True,S2_2019-04-24,9,2019-04-17,True,DESCENDING,S1B_IW_GRDH_1SDV_20190417T162320_20190417T162345_015848_01DC3E_605F,20
0192,2019-04-24,True,True,S2_2019-04-24,9,2019-04-17,True,DESCENDING,S1B_IW_GRDH_1SDV_20190417T162320_20190417T162345_015848_01DC3E_605F,20
0193,2019-04-24,True,True,S2_2019-04-24,9,2019-04-17,True,DESCENDING,S1B_IW_GRDH_1SDV_20190417T162251_20190417T162320_015848_01DC3E_114B,14
0194,2019-04-24,True,True,S2_2019-04-24,9,2019-04-17,True,DESCENDING,S1B_IW_GRDH_1SDV_20190417T162251_20190417T162320_015848_01DC3E_114B,14
0196,2019-04-24,True,True,S2_2019-04-24,9,2019-04-17,True,DESCENDING,S1B_IW_GRDH_1SDV_20190417T162320_20190417T162345_015848_01DC3E_605F,24
0198,2019-04-24,True,True,S2_2019-04-24,9,2019-04-17,True,DESCENDING,S1B_IW_GRDH_1SDV_20190417T162251_20190417T162320_015848_01DC3E_114B,18
0199,2019-04-29,True,True,S2_2019-04-29,8,2019-04-24,True,DESCENDING,S1B_IW_GRDH_1SDV_20190417T162251_20190417T162320_015848_01DC3E_114B,14
0200,2019-04-29,True,True,S2_2019-04-29,8,2019-04-24,True,DESCENDING,S1B_IW_GRDH_1SDV_20190417T162251_20190417T162320_015848_01DC3E_114B,14
0201,2019-04-29,True,True,S2_2019-04-29,8,2019-04-24,True,DESCENDING,S1B_IW_GRDH_1SDV_20190417T162251_20190417T162320_015848_01DC3E_114B,14
0203,2019-04-24,True,True,S2_2019-04-24,9,2019-04-17,True,DESCENDING,S1B_IW_GRDH_1SDV_20190417T162320_20190417T162345_015848_01DC3E_605F,18
0204,2019-04-24,True,True,S2_2019-04-24,9,2019-04-17,True,DESCENDING,S1B_IW_GRDH_1SDV_20190417T162320_20190417T162345_015848_01DC3E_605F,18
0205,2019-04-24,True,True,S2_2019-04-24,9,2019-04-17,True,DESCENDING,S1B_IW_GRDH_1SDV_20190417T162320_20190417T162345_015848_01DC3E_605F,19
0206,2019-04-24,True,True,S2_2019-04-24,9,2019-04-17,True,DESCENDING,S1B_IW_GRDH_1SDV_20190417T162320_20190417T162345_015848_01DC3E_605F,19
0207,2019-04-24,True,True,S2_2019-04-24,9,2019-04-17,True,DESCENDING,S1B_IW_GRDH_1SDV_20190417T162320_20190417T162345_015848_01DC3E_605F,19
0208,2019-04-24,True,True,S2_2019-04-24,9,2019-04-17,True,DESCENDING,S1B_IW_GRDH_1SDV_20190417T162320_20190417T162345_015848_01DC3E_605F,18
0209,2019-04-24,True,True,S2_2019-04-24,9,2019-04-17,True,DESCENDING,S1B_IW_GRDH_1SDV_20190417T162320_20190417T162345_015848_01DC3E_605F,18
0210,2019-04-24,True,True,S2_2019-04-24,9,2019-04-17,True,DESCENDING,S1B_IW_GRDH_1SDV_20190417T162320_20190417T162345_015848_01DC3E_605F,18
0212,2019-04-24,True,True,S2_2019-04-24,9,2019-04-17,True,DESCENDING,S1B_IW_GRDH_1SDV_20190417T162320_20190417T162345_015848_01DC3E_605F,18
0213,2019-04-24,True,True,S2_2019-04-24,9,2019-04-17,True,DESCENDING,S1B_IW_GRDH_1SDV_20190417T162320_20190417T162345_015848_01DC3E_605F,18
0214,2019-04-24,True,True,S2_2019-04-24,9,2019-04-17,True,DESCENDING,S1B_IW_GRDH_1SDV_20190417T162320_20190417T162345_015848_01DC3E_605F,18
0215,2019-04-24,True,True,S2_2019-04-24,9,2019-04-17,True,DESCENDING,S1B_IW_GRDH_1SDV_20190417T162320_20190417T162345_015848_01DC3E_605F,18
0216,2019-04-24,True,True,S2_2019-04-24,9,2019-04-17,True,DESCENDING,S1B_IW_GRDH_1SDV_20190417T162320_20190417T162345_015848_01DC3E_605F,18
0217,2019-04-24,True,True,S2_2019-04-24,9,2019-04-17,True,DESCENDING,S1B_IW_GRDH_1SDV_20190417T162320_20190417T162345_015848_01DC3E_605F,18
0218,2019-04-24,True,True,S2_2019-04-24,9,2019-04-17,True,DESCENDING,S1B_IW_GRDH_1SDV_20190417T162320_20190417T162345_015848_01DC3E_605F,18
0219,2019-04-24,True,True,S2_2019-04-24,9,2019-04-17,True,DESCENDING,S1B_IW_GRDH_1SDV_20190417T162320_20190417T162345_015848_01DC3E_605F,18
0220,2019-04-24,True,True,S2_2019-04-24,9,2019-04-17,True,DESCENDING,S1B_IW_GRDH_1SDV_20190417T162320_20190417T162345_015848_01DC3E_605F,18
0221,2019-04-24,True,True,S2_2019-04-24,9,2019-04-17,True,DESCENDING,S1B_IW_GRDH_1SDV_20190417T162320_20190417T162345_015848_01DC3E_605F,18
0222,2019-04-24,True,True,S2_2019-04-24,9,2019-04-17,True,DESCENDING,S1B_IW_GRDH_1SDV_20190417T162320_20190417T162345_015848_01DC3E_605F,18
0223,2019-04-23,True,True,S2_2019-04-23,9,2019-04-20,False,DESCENDING,S1B_IW_GRDH_1SDV_20190420T024547_20190420T024612_015884_01DD6F_1983,14
0225,2019-04-23,True,True,S2_2019-04-23,9,2019-04-20,False,DESCENDING,S1B_IW_GRDH_1SDV_20190420T024547_20190420T024612_015884_01DD6F_1983,14
0226,2019-04-23,True,True,S2_2019-04-23,9,2019-04-20,False,DESCENDING,S1B_IW_GRDH_1SDV_20190420T024547_20190420T024612_015884_01DD6F_1983,14
0227,2019-04-23,True,True,S2_2019-04-23,9,2019-04-20,False,DESCENDING,S1B_IW_GRDH_1SDV_20190420T024547_20190420T024612_015884_01DD6F_1983,14
0229,2019-04-23,True,True,S2_2019-04-23,9,2019-04-20,False,DESCENDING,S1B_IW_GRDH_1SDV_20190420T024547_20190420T024612_015884_01DD6F_1983,14
0230,2019-04-23,True,True,S2_2019-04-23,9,2019-04-20,False,DESCENDING,S1B_IW_GRDH_1SDV_20190420T024547_20190420T024612_015884_01DD6F_1983,14
0231,2019-04-23,True,True,S2_2019-04-23,9,2019-04-20,False,DESCENDING,S1B_IW_GRDH_1SDV_20190420T024547_20190420T024612_015884_01DD6F_1983,14
0232,2019-04-23,True,True,S2_2019-04-23,9,2019-04-20,False,DESCENDING,S1B_IW_GRDH_1SDV_20190420T024547_20190420T024612_015884_01DD6F_1983,14
0233,2019-04-23,True,True,S2_2019-04-23,9,2019-04-20,False,DESCENDING,S1B_IW_GRDH_1SDV_20190420T024547_20190420T024612_015884_01DD6F_1983,14
0234,2019-04-23,True,True,S2_2019-04-23,9,2019-04-20,False,DESCENDING,S1B_IW_GRDH_1SDV_20190420T024547_20190420T024612_015884_01DD6F_1983,14
0235,2019-04-23,True,True,S2_2019-04-23,9,2019-04-20,False,DESCENDING,S1B_IW_GRDH_1SDV_20190420T024547_20190420T024612_015884_01DD6F_1983,12
0236,2019-04-23,True,True,S2_2019-04-23,9,2019-04-20,False,DESCENDING,S1B_IW_GRDH_1SDV_20190420T024547_20190420T024612_015884_01DD6F_1983,14
0238,2019-04-23,True,True,S2_2019-04-23,9,2019-04-20,False,DESCENDING,S1B_IW_GRDH_1SDV_20190420T024547_20190420T024612_015884_01DD6F_1983,13
0240,2019-04-23,True,True,S2_2019-04-23,9,2019-04-20,False,DESCENDING,S1B_IW_GRDH_1SDV_20190420T024547_20190420T024612_015884_01DD6F_1983,13
0241,2019-04-23,True,True,S2_2019-04-23,9,2019-04-20,False,DESCENDING,S1B_IW_GRDH_1SDV_20190420T024612_20190420T024632_015884_01DD6F_E249,14
0243,2019-04-23,True,True,S2_2019-04-23,9,2019-04-20,False,DESCENDING,S1B_IW_GRDH_1SDV_20190420T024612_20190420T024632_015884_01DD6F_E249,15
0244,2019-04-23,True,True,S2_2019-04-23,9,2019-04-21,False,DESCENDING,S1B_IW_GRDH_1SDV_20190420T024612_20190420T024632_015884_01DD6F_E249,19
0245,2019-04-23,True,True,S2_2019-04-23,9,2019-04-20,False,DESCENDING,S1B_IW_GRDH_1SDV_20190420T024612_20190420T024632_015884_01DD6F_E249,12
0246,2019-04-23,True,True,S2_2019-04-23,9,2019-04-21,False,DESCENDING,S1B_IW_GRDH_1SDV_20190420T024612_20190420T024632_015884_01DD6F_E249,19
0247,2019-04-23,True,True,S2_2019-04-23,9,2019-04-20,False,DESCENDING,S1B_IW_GRDH_1SDV_20190420T024612_20190420T024632_015884_01DD6F_E249,15
0248,2019-04-23,True,True,S2_2019-04-23,9,2019-04-21,False,DESCENDING,S1B_IW_GRDH_1SDV_20190420T024612_20190420T024632_015884_01DD6F_E249,19
0249,2019-04-23,True,True,S2_2019-04-23,9,2019-04-20,False,DESCENDING,S1B_IW_GRDH_1SDV_20190420T024612_20190420T024632_015884_01DD6F_E249,15
0250,2019-04-23,True,True,S2_2019-04-23,9,2019-04-21,False,DESCENDING,S1B_IW_GRDH_1SDV_20190420T024612_20190420T024632_015884_01DD6F_E249,16
0253,2019-03-22,False,True,S2_2019-03-22,9,2019-03-20,False,DESCENDING,S1B_IW_GRDH_1SDV_20190315T024546_20190315T024609_015359_01CC22_8A5B,10
0254,2019-03-22,False,True,S2_2019-03-22,9,2019-03-20,False,DESCENDING,S1B_IW_GRDH_1SDV_20190315T024546_20190315T024609_015359_01CC22_8A5B,10
0255,2019-03-22,False,True,S2_2019-03-22,9,2019-03-20,False,DESCENDING,S1B_IW_GRDH_1SDV_20190315T024546_20190315T024609_015359_01CC22_8A5B,8
0256,2019-03-22,False,True,S2_2019-03-22,9,2019-03-20,False,DESCENDING,S1B_IW_GRDH_1SDV_20190315T024546_20190315T024609_015359_01CC22_8A5B,8
0257,2019-03-22,False,True,S2_2019-03-22,9,2019-03-20,False,DESCENDING,S1B_IW_GRDH_1SDV_20190315T024546_20190315T024609_015359_01CC22_8A5B,8
0258,2019-03-22,False,True,S2_2019-03-22,9,2019-03-20,False,DESCENDING,S1B_IW_GRDH_1SDV_20190315T024546_20190315T024609_015359_01CC22_8A5B,8
0259,2019-03-22,False,True,S2_2019-03-22,9,2019-03-20,False,DESCENDING,S1B_IW_GRDH_1SDV_20190315T024546_20190315T024609_015359_01CC22_8A5B,8
0260,2019-03-22,False,True,S2_2019-03-22,9,2019-03-20,False,DESCENDING,S1B_IW_GRDH_1SDV_20190315T024546_20190315T024609_015359_01CC22_8A5B,8
0261,2019-03-22,False,True,S2_2019-03-22,9,2019-03-20,False,DESCENDING,S1B_IW_GRDH_1SDV_20190315T024546_20190315T024609_015359_01CC22_8A5B,8
0262,2019-03-22,False,True,S2_2019-03-22,9,2019-03-20,False,DESCENDING,S1B_IW_GRDH_1SDV_20190315T024546_20190315T024609_015359_01CC22_8A5B,8
0263,2019-03-22,False,True,S2_2019-03-22,9,2019-03-20,False,DESCENDING,S1B_IW_GRDH_1SDV_20190315T024546_20190315T024609_015359_01CC22_8A5B,10
0266,2019-03-22,False,True,S2_2019-03-22,9,2019-03-20,False,DESCENDING,S1B_IW_GRDH_1SDV_20190315T024546_20190315T024609_015359_01CC22_8A5B,10
0267,2019-03-22,False,True,S2_2019-03-22,9,2019-03-20,False,DESCENDING,S1B_IW_GRDH_1SDV_20190315T024546_20190315T024609_015359_01CC22_8A5B,10
0271,2019-03-22,False,True,S2_2019-03-22,9,2019-03-20,False,DESCENDING,S1B_IW_GRDH_1SDV_20190315T024546_20190315T024609_015359_01CC22_8A5B,8
0272,2019-03-22,False,True,S2_2019-03-22,9,2019-03-20,False,DESCENDING,S1B_IW_GRDH_1SDV_20190315T024546_20190315T024609_015359_01CC22_8A5B,8
0273,2019-03-22,False,True,S2_2019-03-22,9,2019-03-20,False,DESCENDING,S1B_IW_GRDH_1SDV_20190315T024546_20190315T024609_015359_01CC22_8A5B,8
0274,2019-03-22,False,True,S2_2019-03-22,9,2019-03-20,False,DESCENDING,S1B_IW_GRDH_1SDV_20190315T024546_20190315T024609_015359_01CC22_8A5B,8
0275,2019-03-22,False,True,S2_2019-03-22,9,2019-03-20,False,DESCENDING,S1B_IW_GRDH_1SDV_20190315T024546_20190315T024609_015359_01CC22_8A5B,8
0276,2019-03-22,False,True,S2_2019-03-22,9,2019-03-20,False,DESCENDING,S1B_IW_GRDH_1SDV_20190315T024546_20190315T024609_015359_01CC22_8A5B,8
0277,2019-03-22,False,True,S2_2019-03-22,9,2019-03-20,False,DESCENDING,S1B_IW_GRDH_1SDV_20190315T024546_20190315T024609_015359_01CC22_8A5B,8
0278,2019-03-22,False,True,S2_2019-03-22,9,2019-03-20,False,DESCENDING,S1B_IW_GRDH_1SDV_20190315T024546_20190315T024609_015359_01CC22_8A5B,8
0279,2019-03-22,False,True,S2_2019-03-22,9,2019-03-20,False,DESCENDING,S1B_IW_GRDH_1SDV_20190315T024546_20190315T024609_015359_01CC22_8A5B,8
0280,2019-03-22,False,True,S2_2019-03-22,9,2019-03-20,False,DESCENDING,S1B_IW_GRDH_1SDV_20190315T024546_20190315T024609_015359_01CC22_8A5B,8
0281,2019-03-22,False,True,S2_2019-03-22,9,2019-03-20,False,DESCENDING,S1B_IW_GRDH_1SDV_20190315T024546_20190315T024609_015359_01CC22_8A5B,8
0282,2019-03-22,False,True,S2_2019-03-22,9,2019-03-20,False,DESCENDING,S1B_IW_GRDH_1SDV_20190315T024546_20190315T024609_015359_01CC22_8A5B,8
0285,2019-03-22,False,True,S2_2019-03-22,9,2019-03-20,False,DESCENDING,S1B_IW_GRDH_1SDV_20190315T024546_20190315T024609_015359_01CC22_8A5B,8
0286,2019-03-22,False,True,S2_2019-03-22,9,2019-03-20,False,DESCENDING,S1B_IW_GRDH_1SDV_20190315T024546_20190315T024609_015359_01CC22_8A5B,8
0287,2019-03-22,False,True,S2_2019-03-22,9,2019-03-20,False,DESCENDING,S1B_IW_GRDH_1SDV_20190315T024546_20190315T024609_015359_01CC22_8A5B,8
0288,2019-03-22,False,True,S2_2019-03-22,9,2019-03-20,False,DESCENDING,S1B_IW_GRDH_1SDV_20190315T024546_20190315T024609_015359_01CC22_8A5B,8
0290,2019-05-20,True,True,S2_2019-05-20,4,2019-05-17,True,DESCENDING,S1A_IW_GRDH_1SDV_20190517T022015_20190517T022040_027261_0312E1_AD95,11
0293,2019-05-20,True,True,S2_2019-05-20,4,2019-05-17,True,DESCENDING,S1A_IW_GRDH_1SDV_20190517T022015_20190517T022040_027261_0312E1_AD95,11
0294,2019-05-20,True,True,S2_2019-05-20,4,2019-05-17,True,DESCENDING,S1A_IW_GRDH_1SDV_20190517T022015_20190517T022040_027261_0312E1_AD95,11
0295,2019-03-15,True,True,S2_2019-03-15,4,2019-03-07,True,DESCENDING,S1B_IW_GRDH_1SDV_20190212T084222_20190212T084251_014910_01BD61_C22B,8
0296,2019-03-15,True,True,S2_2019-03-15,4,2019-03-07,True,DESCENDING,S1B_IW_GRDH_1SDV_20190212T084222_20190212T084251_014910_01BD61_C22B,8
0298,2019-03-15,True,True,S2_2019-03-15,4,2019-03-07,True,DESCENDING,S1B_IW_GRDH_1SDV_20190212T084222_20190212T084251_014910_01BD61_C22B,8
0299,2019-03-15,True,True,S2_2019-03-15,4,2019-03-07,True,DESCENDING,S1B_IW_GRDH_1SDV_20190212T084222_20190212T084251_014910_01BD61_C22B,8
0300,2019-03-15,True,True,S2_2019-03-15,4,2019-03-07,True,DESCENDING,S1B_IW_GRDH_1SDV_20190212T084222_20190212T084251_014910_01BD61_C22B,8
0301,2019-03-15,True,True,S2_2019-03-15,4,2019-03-07,True,DESCENDING,S1B_IW_GRDH_1SDV_20190212T084222_20190212T084251_014910_01BD61_C22B,8
0303,2019-03-15,True,True,S2_2019-03-15,4,2019-03-07,True,DESCENDING,S1B_IW_GRDH_1SDV_20190212T084222_20190212T084251_014910_01BD61_C22B,8
0304,2019-03-15,True,True,S2_2019-03-15,4,2019-03-07,True,DESCENDING,S1B_IW_GRDH_1SDV_20190212T084222_20190212T084251_014910_01BD61_C22B,8
0305,2019-03-15,True,True,S2_2019-03-15,4,2019-03-07,True,DESCENDING,S1B_IW_GRDH_1SDV_20190212T084222_20190212T084251_014910_01BD61_C22B,8
0306,2019-03-15,True,True,S2_2019-03-15,4,2019-03-07,True,DESCENDING,S1B_IW_GRDH_1SDV_20190212T084222_20190212T084251_014910_01BD61_C22B,8
0307,2019-03-15,True,True,S2_2019-03-15,4,2019-03-07,True,DESCENDING,S1B_IW_GRDH_1SDV_20190212T084222_20190212T084251_014910_01BD61_C22B,8
0308,2019-03-15,True,True,S2_2019-03-15,4,2019-03-07,True,DESCENDING,S1B_IW_GRDH_1SDV_20190212T084222_20190212T084251_014910_01BD61_C22B,8
0309,2019-03-15,True,True,S2_2019-03-15,4,2019-03-07,True,DESCENDING,S1B_IW_GRDH_1SDV_20190212T084222_20190212T084251_014910_01BD61_C22B,8
0310,2019-03-15,True,True,S2_2019-03-15,4,2019-03-07,True,DESCENDING,S1B_IW_GRDH_1SDV_20190212T084222_20190212T084251_014910_01BD61_C22B,8
0311,2019-03-15,True,True,S2_2019-03-15,4,2019-03-07,True,DESCENDING,S1B_IW_GRDH_1SDV_20190212T084222_20190212T084251_014910_01BD61_C22B,8
0313,2019-03-15,True,True,S2_2019-03-15,4,2019-03-07,True,DESCENDING,S1B_IW_GRDH_1SDV_20190212T084222_20190212T084251_014910_01BD61_C22B,8
0316,2019-03-15,True,True,S2_2019-03-15,4,2019-03-07,True,DESCENDING,S1B_IW_GRDH_1SDV_20190212T084222_20190212T084251_014910_01BD61_C22B,8
0318,2019-03-15,True,True,S2_2019-03-15,4,2019-03-07,True,DESCENDING,S1B_IW_GRDH_1SDV_20190212T084222_20190212T084251_014910_01BD61_C22B,8
0319,2019-03-15,True,True,S2_2019-03-15,4,2019-03-07,True,DESCENDING,S1B_IW_GRDH_1SDV_20190212T084222_20190212T084251_014910_01BD61_C22B,8
0320,2019-03-15,True,True,S2_2019-03-15,4,2019-03-07,True,DESCENDING,S1B_IW_GRDH_1SDV_20190212T084222_20190212T084251_014910_01BD61_C22B,8
0321,2019-03-15,True,True,S2_2019-03-15,4,2019-03-07,True,DESCENDING,S1B_IW_GRDH_1SDV_20190212T084222_20190212T084251_014910_01BD61_C22B,8
0323,2019-03-15,True,True,S2_2019-03-15,4,2019-03-07,True,DESCENDING,S1B_IW_GRDH_1SDV_20190212T084222_20190212T084251_014910_01BD61_C22B,9
0324,2019-03-15,True,True,S2_2019-03-15,4,2019-03-07,True,DESCENDING,S1B_IW_GRDH_1SDV_20190212T084222_20190212T084251_014910_01BD61_C22B,8
0325,2019-03-15,True,True,S2_2019-03-15,4,2019-03-07,True,DESCENDING,S1B_IW_GRDH_1SDV_20190212T084222_20190212T084251_014910_01BD61_C22B,8
0326,2019-03-15,True,True,S2_2019-03-15,4,2019-03-07,True,DESCENDING,S1B_IW_GRDH_1SDV_20190212T084222_20190212T084251_014910_01BD61_C22B,8
0327,2019-03-15,True,True,S2_2019-03-15,4,2019-03-07,True,DESCENDING,S1B_IW_GRDH_1SDV_20190212T084222_20190212T084251_014910_01BD61_C22B,8
0328,2019-03-15,True,True,S2_2019-03-15,4,2019-03-07,True,DESCENDING,S1B_IW_GRDH_1SDV_20190212T084222_20190212T084251_014910_01BD61_C22B,8
0329,2019-03-15,True,True,S2_2019-03-15,4,2019-03-07,True,DESCENDING,S1B_IW_GRDH_1SDV_20190212T084222_20190212T084251_014910_01BD61_C22B,8
0330,2019-03-15,True,True,S2_2019-03-15,4,2019-03-07,True,DESCENDING,S1B_IW_GRDH_1SDV_20190212T084222_20190212T084251_014910_01BD61_C22B,9
0331,2019-03-15,True,True,S2_2019-03-15,4,2019-03-07,True,DESCENDING,S1B_IW_GRDH_1SDV_20190212T084222_20190212T084251_014910_01BD61_C22B,9
0332,2019-03-15,True,True,S2_2019-03-15,4,2019-03-07,True,DESCENDING,S1B_IW_GRDH_1SDV_20190212T084222_20190212T084251_014910_01BD61_C22B,9
0333,2019-03-15,True,True,S2_2019-03-15,4,2019-03-07,True,DESCENDING,S1B_IW_GRDH_1SDV_20190212T084222_20190212T084251_014910_01BD61_C22B,9
0334,2019-03-15,True,True,S2_2019-03-15,4,2019-03-07,True,DESCENDING,S1B_IW_GRDH_1SDV_20190212T084222_20190212T084251_014910_01BD61_C22B,9
0335,2019-03-15,True,True,S2_2019-03-15,4,2019-03-07,True,DESCENDING,S1B_IW_GRDH_1SDV_20190212T084222_20190212T084251_014910_01BD61_C22B,8
0336,2019-03-15,True,True,S2_2019-03-15,4,2019-03-07,True,DESCENDING,S1B_IW_GRDH_1SDV_20190212T084222_20190212T084251_014910_01BD61_C22B,8
1,2019-04-27,True,True,S2_2019-04-27,7,2019-04-17,True,DESCENDING,S1B_IW_GRDH_1SDV_20190417T162320_20190417T162345_015848_01DC3E_605F,11
10,2019-02-01,False,True,S2_2019-02-01,3,2019-01-23,False,ASCENDING,S1B_IW_GRDH_1SDV_20190123T162344_20190123T162409_014623_01B40F_3BD7,3
11,2019-04-21,True,True,S2_2019-04-21,9,2019-04-19,True,DESCENDING,S1B_IW_GRDH_1SDV_20190419T160654_20190419T160723_015877_01DD38_00F9,28
12,2019-04-18,True,True,S2_2019-04-18,5,2019-04-14,True,DESCENDING,S1B_IW_GRDH_1SDV_20190414T155907_20190414T155936_015804_01DABB_37C4,14
13,2019-01-16,False,True,S2_2019-01-16,9,2019-01-15,False,ASCENDING,S1B_IW_GRDH_1SSV_20190115T172454_20190115T172530_014507_01B057_2CF1,9
14,2019-02-01,False,True,S2_2019-02-01,3,2019-01-23,False,ASCENDING,S1B_IW_GRDH_1SDV_20190123T162344_20190123T162409_014623_01B40F_3BD7,3
15,2019-04-24,True,True,S2_2019-04-24,9,2019-04-17,True,DESCENDING,S1B_IW_GRDH_1SDV_20190417T162251_20190417T162320_015848_01DC3E_114B,14
16,2019-04-24,True,True,S2_2019-04-24,9,2019-04-17,True,DESCENDING,S1B_IW_GRDH_1SDV_20190417T162320_20190417T162345_015848_01DC3E_605F,23
17,2019-02-01,False,True,S2_2019-02-01,3,2019-01-23,False,ASCENDING,S1B_IW_GRDH_1SDV_20190123T162344_20190123T162409_014623_01B40F_3BD7,3
18,2019-04-09,True,True,S2_2019-04-09,6,2019-04-07,True,DESCENDING,S1B_IW_GRDH_1SDV_20190407T160813_20190407T160838_015702_01D76E_5370,12
19,2019-04-23,True,True,S2_2019-04-23,9,2019-04-20,False,DESCENDING,S1B_IW_GRDH_1SDV_20190420T024612_20190420T024632_015884_01DD6F_E249,12
2,2019-02-11,False,True,S2_2019-02-11,7,2019-02-09,False,ASCENDING,S1B_IW_GRDH_1SDV_20190209T181740_20190209T181805_014873_01BC28_D12A,10
20,2019-04-24,True,True,S2_2019-04-24,9,2019-04-17,True,DESCENDING,S1B_IW_GRDH_1SDV_20190417T162320_20190417T162345_015848_01DC3E_605F,14
21,2019-04-24,True,True,S2_2019-04-24,9,2019-04-17,True,DESCENDING,S1B_IW_GRDH_1SDV_20190417T162320_20190417T162345_015848_01DC3E_605F,14
22,2019-04-18,True,True,S2_2019-04-18,5,2019-04-14,True,DESCENDING,S1B_IW_GRDH_1SDV_20190414T155907_20190414T155936_015804_01DABB_37C4,14
23,2019-05-20,True,True,S2_2019-05-20,4,2019-05-17,True,DESCENDING,S1A_IW_GRDH_1SDV_20190517T022015_20190517T022040_027261_0312E1_AD95,11
24,2019-02-01,False,True,S2_2019-02-01,3,2019-01-23,False,ASCENDING,S1B_IW_GRDH_1SDV_20190123T162344_20190123T162409_014623_01B40F_3BD7,3
25,2019-05-20,True,True,S2_2019-05-20,4,2019-05-17,True,DESCENDING,S1A_IW_GRDH_1SDV_20190517T022015_20190517T022040_027261_0312E1_AD95,11
26,2019-02-01,False,True,S2_2019-02-01,3,2019-01-23,False,ASCENDING,S1B_IW_GRDH_1SDV_20190123T162344_20190123T162409_014623_01B40F_3BD7,3
27,2019-04-23,True,True,S2_2019-04-23,9,2019-04-20,False,DESCENDING,S1B_IW_GRDH_1SDV_20190420T024547_20190420T024612_015884_01DD6F_1983,14
28,2019-02-11,False,True,S2_2019-02-11,7,2019-02-09,False,ASCENDING,S1B_IW_GRDH_1SDV_20190209T181740_20190209T181805_014873_01BC28_D12A,10
29,2019-02-14,False,True,S2_2019-02-14,7,2019-02-12,False,DESCENDING,S1A_IW_GRDH_1SDV_20190212T161246_20190212T161311_025898_02E225_8914,12
3,2019-03-22,False,True,S2_2019-03-22,9,2019-03-20,False,DESCENDING,S1B_IW_GRDH_1SDV_20190315T024546_20190315T024609_015359_01CC22_8A5B,8
30,2019-02-08,False,True,S2_2019-02-08,9,2019-02-05,False,DESCENDING,S1B_IW_GRDH_1SDV_20190205T031123_20190205T031148_014805_01B9FF_DC8A,8
31,2019-02-14,False,True,S2_2019-02-14,7,2019-02-12,False,DESCENDING,S1B_IW_GRDH_1SDV_20190203T032731_20190203T032756_014776_01B8F2_A952,18
32,2019-03-15,True,True,S2_2019-03-15,4,2019-03-07,True,DESCENDING,S1B_IW_GRDH_1SDV_20190212T084222_20190212T084251_014910_01BD61_C22B,8
33,2019-05-20,True,True,S2_2019-05-20,4,2019-05-17,True,DESCENDING,S1A_IW_GRDH_1SDV_20190517T022015_20190517T022040_027261_0312E1_AD95,11
34,2019-04-29,True,True,S2_2019-04-29,8,2019-04-24,True,DESCENDING,S1B_IW_GRDH_1SDV_20190417T162251_20190417T162320_015848_01DC3E_114B,14
35,2019-03-22,False,True,S2_2019-03-22,9,2019-03-20,False,DESCENDING,S1B_IW_GRDH_1SDV_20190315T024546_20190315T024609_015359_01CC22_8A5B,10
36,2019-02-01,False,True,S2_2019-02-01,3,2019-01-23,False,ASCENDING,S1B_IW_GRDH_1SDV_20190123T162344_20190123T162409_014623_01B40F_3BD7,3
37,2019-02-11,False,True,S2_2019-02-11,7,2019-02-09,False,ASCENDING,S1B_IW_GRDH_1SDV_20190209T181740_20190209T181805_014873_01BC28_D12A,10
38,2019-02-08,False,True,S2_2019-02-08,9,2019-02-05,False,DESCENDING,S1B_IW_GRDH_1SDV_20190205T031123_20190205T031148_014805_01B9FF_DC8A,8
39,2019-02-14,False,True,S2_2019-02-14,7,2019-02-12,False,DESCENDING,S1B_IW_GRDH_1SDV_20190203T032731_20190203T032756_014776_01B8F2_A952,18
4,2019-03-15,True,True,S2_2019-03-15,4,2019-03-07,True,DESCENDING,S1B_IW_GRDH_1SDV_20190212T084222_20190212T084251_014910_01BD61_C22B,8
40,2019-03-22,False,True,S2_2019-03-22,9,2019-03-20,False,DESCENDING,S1B_IW_GRDH_1SDV_20190315T024546_20190315T024609_015359_01CC22_8A5B,10
41,2019-04-27,True,True,S2_2019-04-27,6,2019-04-17,True,DESCENDING,S1B_IW_GRDH_1SDV_20190417T162320_20190417T162345_015848_01DC3E_605F,11
42,2019-02-01,False,True,S2_2019-02-01,3,2019-01-23,False,ASCENDING,S1B_IW_GRDH_1SDV_20190123T162344_20190123T162409_014623_01B40F_3BD7,3
43,2019-04-24,True,True,S2_2019-04-24,9,2019-04-17,True,DESCENDING,S1B_IW_GRDH_1SDV_20190417T162320_20190417T162345_015848_01DC3E_605F,18
44,2019-04-23,True,True,S2_2019-04-23,9,2019-04-20,False,DESCENDING,S1B_IW_GRDH_1SDV_20190420T024612_20190420T024632_015884_01DD6F_E249,15
45,2019-02-08,False,True,S2_2019-02-08,9,2019-02-05,False,DESCENDING,S1B_IW_GRDH_1SDV_20190205T031123_20190205T031148_014805_01B9FF_DC8A,5
46,2019-03-15,True,True,S2_2019-03-15,4,2019-03-07,True,DESCENDING,S1B_IW_GRDH_1SDV_20190212T084222_20190212T084251_014910_01BD61_C22B,8
47,2019-03-22,False,True,S2_2019-03-22,9,2019-03-20,False,DESCENDING,S1B_IW_GRDH_1SDV_20190315T024546_20190315T024609_015359_01CC22_8A5B,10
48,2019-02-04,False,True,S2_2019-02-04,1,2019-02-09,False,ASCENDING,S1B_IW_GRDH_1SDV_20190209T163240_20190209T163305_014871_01BC1F_7E74,2
49,2019-02-08,False,True,S2_2019-02-08,9,2019-02-05,False,DESCENDING,S1B_IW_GRDH_1SDV_20190205T031123_20190205T031148_014805_01B9FF_DC8A,8
5,2019-04-27,True,True,S2_2019-04-27,7,2019-04-17,True,DESCENDING,S1B_IW_GRDH_1SDV_20190417T162320_20190417T162345_015848_01DC3E_605F,11
50,2019-02-11,False,True,S2_2019-02-11,7,2019-02-09,False,ASCENDING,S1B_IW_GRDH_1SDV_20190209T181740_20190209T181805_014873_01BC28_D12A,10
51,2019-03-15,True,True,S2_2019-03-15,4,2019-03-07,True,DESCENDING,S1B_IW_GRDH_1SDV_20190212T084222_20190212T084251_014910_01BD61_C22B,8
52,2019-01-16,False,True,S2_2019-01-16,9,2019-01-15,False,ASCENDING,S1B_IW_GRDH_1SSV_20190115T172454_20190115T172530_014507_01B057_2CF1,12
53,2019-03-15,True,True,S2_2019-03-15,4,2019-03-07,True,DESCENDING,S1B_IW_GRDH_1SDV_20190212T084222_20190212T084251_014910_01BD61_C22B,8
54,2019-04-16,True,True,S2_2019-04-16,5,2019-04-14,True,DESCENDING,S1B_IW_GRDH_1SDV_20190414T155907_20190414T155936_015804_01DABB_37C4,31
55,2019-02-04,False,True,S2_2019-02-04,1,2019-02-09,False,ASCENDING,S1B_IW_GRDH_1SDV_20190209T163240_20190209T163305_014871_01BC1F_7E74,2
56,2019-03-15,True,True,S2_2019-03-15,4,2019-03-07,True,DESCENDING,S1B_IW_GRDH_1SDV_20190212T084222_20190212T084251_014910_01BD61_C22B,8
57,2019-02-11,False,True,S2_2019-02-11,7,2019-02-09,False,ASCENDING,S1B_IW_GRDH_1SDV_20190209T181740_20190209T181805_014873_01BC28_D12A,20
58,2019-04-23,True,True,S2_2019-04-23,9,2019-04-20,False,DESCENDING,S1B_IW_GRDH_1SDV_20190420T024547_20190420T024612_015884_01DD6F_1983,13
59,2019-02-01,False,True,S2_2019-02-01,3,2019-01-23,False,ASCENDING,S1B_IW_GRDH_1SDV_20190123T162344_20190123T162409_014623_01B40F_3BD7,3
6,2019-03-15,True,True,S2_2019-03-15,4,2019-03-07,True,DESCENDING,S1B_IW_GRDH_1SDV_20190212T084222_20190212T084251_014910_01BD61_C22B,8
60,2019-01-23,False,True,S2_2019-01-23,9,2019-01-20,False,ASCENDING,S1B_IW_GRDH_1SDV_20190119T165453_20190119T165522_014565_01B22A_95DC,9
61,2019-04-24,True,True,S2_2019-04-24,9,2019-04-17,True,DESCENDING,S1B_IW_GRDH_1SDV_20190417T162320_20190417T162345_015848_01DC3E_605F,15
62,2019-04-23,True,True,S2_2019-04-23,9,2019-04-21,False,DESCENDING,S1B_IW_GRDH_1SDV_20190420T024612_20190420T024632_015884_01DD6F_E249,17
63,2019-04-23,True,True,S2_2019-04-23,9,2019-04-20,False,DESCENDING,S1B_IW_GRDH_1SDV_20190420T024612_20190420T024632_015884_01DD6F_E249,14
64,2019-03-22,False,True,S2_2019-03-22,9,2019-03-20,False,DESCENDING,S1B_IW_GRDH_1SDV_20190315T024546_20190315T024609_015359_01CC22_8A5B,8
65,2019-04-23,True,True,S2_2019-04-23,9,2019-04-20,False,DESCENDING,S1B_IW_GRDH_1SDV_20190420T024547_20190420T024612_015884_01DD6F_1983,14
66,2019-03-22,False,True,S2_2019-03-22,9,2019-03-20,False,DESCENDING,S1B_IW_GRDH_1SDV_20190315T024546_20190315T024609_015359_01CC22_8A5B,10
67,2019-04-21,True,True,S2_2019-04-21,9,2019-04-19,True,DESCENDING,S1B_IW_GRDH_1SDV_20190419T160654_20190419T160723_015877_01DD38_00F9,20
7,2019-02-06,False,True,S2_2019-02-06,9,2019-02-03,False,ASCENDING,S1B_IW_GRDH_1SDV_20190203T172003_20190203T172028_014784_01B941_BBDF,8
8,2019-03-22,False,True,S2_2019-03-22,9,2019-03-20,False,DESCENDING,S1B_IW_GRDH_1SDV_20190315T024546_20190315T024609_015359_01CC22_8A5B,10
9,2019-02-10,False,True,S2_2019-02-10,6,2019-02-05,False,DESCENDING,S1B_IW_GRDH_1SDV_20190205T031814_20190205T031839_014805_01BA00_B14B,16
