,date,FLOODING,FULL-DATA-COVERAGE,filename,folder,count
1,2019-02-04,False,True,S2_2019-02-04,0063,1
1,2019-02-23,False,True,S2_2019-02-23,0200,8
2,2019-02-28,False,True,S2_2019-02-28,0200,8
3,2019-03-10,False,True,S2_2019-03-10,0200,8
4,2019-03-25,True,True,S2_2019-03-25,0200,8
5,2019-04-04,True,True,S2_2019-04-04,0200,8
6,2019-04-14,True,True,S2_2019-04-14,0200,8
7,2019-04-24,True,True,S2_2019-04-24,0200,8
8,2019-04-29,True,True,S2_2019-04-29,0200,8
1,2018-12-15,False,False,S2_2018-12-15,0004,9
2,2018-12-17,False,True,S2_2018-12-17,0004,9
3,2018-12-20,False,False,S2_2018-12-20,0004,9
4,2018-12-22,False,True,S2_2018-12-22,0004,9
5,2018-12-30,False,False,S2_2018-12-30,0004,9
6,2019-01-04,False,False,S2_2019-01-04,0004,9
7,2019-01-06,False,True,S2_2019-01-06,0004,9
8,2019-01-14,False,False,S2_2019-01-14,0004,9
9,2019-01-16,False,True,S2_2019-01-16,0004,9
1,2019-01-09,False,True,S2_2019-01-09,0307,4
2,2019-02-13,True,True,S2_2019-02-13,0307,4
3,2019-02-28,True,True,S2_2019-02-28,0307,4
4,2019-03-15,True,True,S2_2019-03-15,0307,4
1,2019-01-31,False,True,S2_2019-01-31,0167,5
2,2019-02-10,False,True,S2_2019-02-10,0167,5
3,2019-02-25,False,True,S2_2019-02-25,0167,5
4,2019-04-01,True,True,S2_2019-04-01,0167,5
5,2019-04-16,True,True,S2_2019-04-16,0167,5
1,2019-02-13,False,True,S2_2019-02-13,0205,9
2,2019-02-23,False,True,S2_2019-02-23,0205,9
3,2019-02-28,False,True,S2_2019-02-28,0205,9
4,2019-03-10,False,False,S2_2019-03-10,0205,9
5,2019-03-25,True,True,S2_2019-03-25,0205,9
6,2019-04-04,True,True,S2_2019-04-04,0205,9
7,2019-04-14,True,False,S2_2019-04-14,0205,9
8,2019-04-19,True,True,S2_2019-04-19,0205,9
9,2019-04-24,True,True,S2_2019-04-24,0205,9
1,2019-01-31,False,True,S2_2019-01-31,0166,5
2,2019-02-10,False,True,S2_2019-02-10,0166,5
3,2019-02-25,False,True,S2_2019-02-25,0166,5
4,2019-04-01,True,True,S2_2019-04-01,0166,5
5,2019-04-16,True,True,S2_2019-04-16,0166,5
1,2019-03-09,False,True,S2_2019-03-09,0240,9
2,2019-03-12,False,True,S2_2019-03-12,0240,9
3,2019-03-17,False,True,S2_2019-03-17,0240,9
4,2019-03-19,False,True,S2_2019-03-19,0240,9
5,2019-03-22,False,True,S2_2019-03-22,0240,9
6,2019-03-27,False,True,S2_2019-03-27,0240,9
7,2019-04-08,False,True,S2_2019-04-08,0240,9
8,2019-04-21,False,True,S2_2019-04-21,0240,9
9,2019-04-23,True,True,S2_2019-04-23,0240,9
1,2018-12-15,False,True,S2_2018-12-15,0123,6
2,2018-12-17,False,True,S2_2018-12-17,0123,6
3,2018-12-27,False,True,S2_2018-12-27,0123,6
4,2019-01-24,False,True,S2_2019-01-24,0123,6
5,2019-01-31,False,True,S2_2019-01-31,0123,6
6,2019-02-10,False,True,S2_2019-02-10,0123,6
1,2019-02-13,False,True,S2_2019-02-13,61,9
2,2019-02-23,False,True,S2_2019-02-23,61,9
3,2019-02-28,False,True,S2_2019-02-28,61,9
4,2019-03-10,False,True,S2_2019-03-10,61,9
5,2019-03-25,True,True,S2_2019-03-25,61,9
6,2019-04-04,True,True,S2_2019-04-04,61,9
7,2019-04-14,True,True,S2_2019-04-14,61,9
8,2019-04-19,True,True,S2_2019-04-19,61,9
9,2019-04-24,True,True,S2_2019-04-24,61,9
1,2018-12-26,False,True,S2_2018-12-26,31,7
2,2018-12-31,False,True,S2_2018-12-31,31,7
3,2019-01-05,False,True,S2_2019-01-05,31,7
4,2019-01-10,False,True,S2_2019-01-10,31,7
5,2019-01-30,False,True,S2_2019-01-30,31,7
6,2019-02-04,False,True,S2_2019-02-04,31,7
7,2019-02-14,False,True,S2_2019-02-14,31,7
1,2019-01-09,False,True,S2_2019-01-09,0310,4
2,2019-02-13,True,True,S2_2019-02-13,0310,4
3,2019-02-28,True,True,S2_2019-02-28,0310,4
4,2019-03-15,True,True,S2_2019-03-15,0310,4
1,2018-12-15,False,True,S2_2018-12-15,0122,6
2,2018-12-17,False,True,S2_2018-12-17,0122,6
3,2018-12-27,False,True,S2_2018-12-27,0122,6
4,2019-01-24,False,True,S2_2019-01-24,0122,6
5,2019-01-31,False,True,S2_2019-01-31,0122,6
6,2019-02-10,False,True,S2_2019-02-10,0122,6
1,2019-02-01,False,True,S2_2019-02-01,0182,6
2,2019-02-11,False,True,S2_2019-02-11,0182,6
3,2019-02-21,False,True,S2_2019-02-21,0182,6
4,2019-03-03,False,True,S2_2019-03-03,0182,6
5,2019-03-28,True,True,S2_2019-03-28,0182,6
6,2019-04-27,True,True,S2_2019-04-27,0182,6
1,2018-12-28,False,True,S2_2018-12-28,0046,3
2,2019-01-02,False,False,S2_2019-01-02,0046,3
3,2019-02-01,False,True,S2_2019-02-01,0046,3
1,2019-02-25,False,True,S2_2019-02-25,0280,9
2,2019-03-02,False,True,S2_2019-03-02,0280,9
3,2019-03-04,False,True,S2_2019-03-04,0280,9
4,2019-03-07,False,True,S2_2019-03-07,0280,9
5,2019-03-09,False,True,S2_2019-03-09,0280,9
6,2019-03-12,False,True,S2_2019-03-12,0280,9
7,2019-03-17,False,True,S2_2019-03-17,0280,9
8,2019-03-19,False,True,S2_2019-03-19,0280,9
9,2019-03-22,False,True,S2_2019-03-22,0280,9
1,2019-02-25,False,True,S2_2019-02-25,0285,9
2,2019-03-02,False,True,S2_2019-03-02,0285,9
3,2019-03-04,False,True,S2_2019-03-04,0285,9
4,2019-03-07,False,True,S2_2019-03-07,0285,9
5,2019-03-09,False,True,S2_2019-03-09,0285,9
6,2019-03-12,False,True,S2_2019-03-12,0285,9
7,2019-03-17,False,True,S2_2019-03-17,0285,9
8,2019-03-19,False,True,S2_2019-03-19,0285,9
9,2019-03-22,False,True,S2_2019-03-22,0285,9
1,2019-01-26,False,False,S2_2019-01-26,0145,9
2,2019-01-31,False,True,S2_2019-01-31,0145,9
3,2019-02-10,False,True,S2_2019-02-10,0145,9
4,2019-02-25,False,True,S2_2019-02-25,0145,9
5,2019-03-12,True,True,S2_2019-03-12,0145,9
6,2019-04-01,True,False,S2_2019-04-01,0145,9
7,2019-04-06,True,False,S2_2019-04-06,0145,9
8,2019-04-16,True,True,S2_2019-04-16,0145,9
9,2019-04-21,True,False,S2_2019-04-21,0145,9
1,2018-12-14,False,True,S2_2018-12-14,0026,4
2,2019-01-13,False,True,S2_2019-01-13,0026,4
3,2019-01-23,False,True,S2_2019-01-23,0026,4
4,2019-01-28,False,True,S2_2019-01-28,0026,4
1,2018-12-13,False,True,S2_2018-12-13,0100,7
2,2018-12-28,False,True,S2_2018-12-28,0100,7
3,2019-01-02,False,True,S2_2019-01-02,0100,7
4,2019-01-22,False,True,S2_2019-01-22,0100,7
5,2019-01-27,False,True,S2_2019-01-27,0100,7
6,2019-02-06,False,True,S2_2019-02-06,0100,7
7,2019-02-11,False,True,S2_2019-02-11,0100,7
1,2019-03-09,False,True,S2_2019-03-09,0231,9
2,2019-03-12,False,True,S2_2019-03-12,0231,9
3,2019-03-17,False,True,S2_2019-03-17,0231,9
4,2019-03-19,False,True,S2_2019-03-19,0231,9
5,2019-03-22,False,True,S2_2019-03-22,0231,9
6,2019-03-27,False,True,S2_2019-03-27,0231,9
7,2019-04-08,False,True,S2_2019-04-08,0231,9
8,2019-04-21,False,True,S2_2019-04-21,0231,9
9,2019-04-23,True,True,S2_2019-04-23,0231,9
1,2018-12-28,False,True,S2_2018-12-28,0043,3
2,2019-01-02,False,False,S2_2019-01-02,0043,3
3,2019-02-01,False,True,S2_2019-02-01,0043,3
1,2019-03-09,False,True,S2_2019-03-09,0223,9
2,2019-03-12,False,True,S2_2019-03-12,0223,9
3,2019-03-17,False,True,S2_2019-03-17,0223,9
4,2019-03-19,False,True,S2_2019-03-19,0223,9
5,2019-03-22,False,True,S2_2019-03-22,0223,9
6,2019-03-27,False,True,S2_2019-03-27,0223,9
7,2019-04-08,False,True,S2_2019-04-08,0223,9
8,2019-04-21,False,True,S2_2019-04-21,0223,9
9,2019-04-23,True,True,S2_2019-04-23,0223,9
1,2019-02-13,False,True,S2_2019-02-13,0221,9
2,2019-02-23,False,True,S2_2019-02-23,0221,9
3,2019-02-28,False,True,S2_2019-02-28,0221,9
4,2019-03-10,False,False,S2_2019-03-10,0221,9
5,2019-03-25,True,True,S2_2019-03-25,0221,9
6,2019-04-04,True,True,S2_2019-04-04,0221,9
7,2019-04-14,True,False,S2_2019-04-14,0221,9
8,2019-04-19,True,True,S2_2019-04-19,0221,9
9,2019-04-24,True,True,S2_2019-04-24,0221,9
1,2018-12-13,False,True,S2_2018-12-13,28,7
2,2018-12-28,False,True,S2_2018-12-28,28,7
3,2019-01-02,False,True,S2_2019-01-02,28,7
4,2019-01-22,False,True,S2_2019-01-22,28,7
5,2019-01-27,False,True,S2_2019-01-27,28,7
6,2019-02-06,False,True,S2_2019-02-06,28,7
7,2019-02-11,False,True,S2_2019-02-11,28,7
1,2018-12-26,False,True,S2_2018-12-26,39,7
2,2018-12-31,False,True,S2_2018-12-31,39,7
3,2019-01-05,False,True,S2_2019-01-05,39,7
4,2019-01-10,False,True,S2_2019-01-10,39,7
5,2019-01-30,False,True,S2_2019-01-30,39,7
6,2019-02-04,False,True,S2_2019-02-04,39,7
7,2019-02-14,False,True,S2_2019-02-14,39,7
1,2019-01-26,False,True,S2_2019-01-26,0154,9
2,2019-01-31,False,True,S2_2019-01-31,0154,9
3,2019-02-10,False,True,S2_2019-02-10,0154,9
4,2019-02-25,False,True,S2_2019-02-25,0154,9
5,2019-03-12,True,True,S2_2019-03-12,0154,9
6,2019-04-01,True,True,S2_2019-04-01,0154,9
7,2019-04-06,True,True,S2_2019-04-06,0154,9
8,2019-04-16,True,True,S2_2019-04-16,0154,9
9,2019-04-21,True,True,S2_2019-04-21,0154,9
1,2019-02-01,False,True,S2_2019-02-01,0177,7
2,2019-02-11,False,True,S2_2019-02-11,0177,7
3,2019-02-21,False,True,S2_2019-02-21,0177,7
4,2019-03-03,False,True,S2_2019-03-03,0177,7
5,2019-03-28,True,True,S2_2019-03-28,0177,7
6,2019-04-24,True,False,S2_2019-04-24,0177,7
7,2019-04-27,True,True,S2_2019-04-27,0177,7
1,2019-02-25,False,True,S2_2019-02-25,0261,9
2,2019-03-02,False,True,S2_2019-03-02,0261,9
3,2019-03-04,False,True,S2_2019-03-04,0261,9
4,2019-03-07,False,True,S2_2019-03-07,0261,9
5,2019-03-09,False,True,S2_2019-03-09,0261,9
6,2019-03-12,False,True,S2_2019-03-12,0261,9
7,2019-03-17,False,False,S2_2019-03-17,0261,9
8,2019-03-19,False,True,S2_2019-03-19,0261,9
9,2019-03-22,False,True,S2_2019-03-22,0261,9
1,2019-02-13,False,True,S2_2019-02-13,0209,9
2,2019-02-23,False,True,S2_2019-02-23,0209,9
3,2019-02-28,False,True,S2_2019-02-28,0209,9
4,2019-03-10,False,False,S2_2019-03-10,0209,9
5,2019-03-25,True,True,S2_2019-03-25,0209,9
6,2019-04-04,True,True,S2_2019-04-04,0209,9
7,2019-04-14,True,False,S2_2019-04-14,0209,9
8,2019-04-19,True,True,S2_2019-04-19,0209,9
9,2019-04-24,True,True,S2_2019-04-24,0209,9
1,2018-12-14,False,True,S2_2018-12-14,0023,4
2,2019-01-13,False,True,S2_2019-01-13,0023,4
3,2019-01-23,False,True,S2_2019-01-23,0023,4
4,2019-01-28,False,True,S2_2019-01-28,0023,4
1,2019-03-09,False,True,S2_2019-03-09,0232,9
2,2019-03-12,False,True,S2_2019-03-12,0232,9
3,2019-03-17,False,True,S2_2019-03-17,0232,9
4,2019-03-19,False,True,S2_2019-03-19,0232,9
5,2019-03-22,False,True,S2_2019-03-22,0232,9
6,2019-03-27,False,True,S2_2019-03-27,0232,9
7,2019-04-08,False,True,S2_2019-04-08,0232,9
8,2019-04-21,False,True,S2_2019-04-21,0232,9
9,2019-04-23,True,True,S2_2019-04-23,0232,9
1,2019-02-04,False,True,S2_2019-02-04,0067,1
1,2019-02-25,False,True,S2_2019-02-25,0256,9
2,2019-03-02,False,True,S2_2019-03-02,0256,9
3,2019-03-04,False,True,S2_2019-03-04,0256,9
4,2019-03-07,False,True,S2_2019-03-07,0256,9
5,2019-03-09,False,True,S2_2019-03-09,0256,9
6,2019-03-12,False,True,S2_2019-03-12,0256,9
7,2019-03-17,False,False,S2_2019-03-17,0256,9
8,2019-03-19,False,True,S2_2019-03-19,0256,9
9,2019-03-22,False,True,S2_2019-03-22,0256,9
1,2019-03-09,False,True,S2_2019-03-09,65,9
2,2019-03-12,False,True,S2_2019-03-12,65,9
3,2019-03-17,False,True,S2_2019-03-17,65,9
4,2019-03-19,False,True,S2_2019-03-19,65,9
5,2019-03-22,False,True,S2_2019-03-22,65,9
6,2019-03-27,False,True,S2_2019-03-27,65,9
7,2019-04-08,False,True,S2_2019-04-08,65,9
8,2019-04-21,False,True,S2_2019-04-21,65,9
9,2019-04-23,True,True,S2_2019-04-23,65,9
1,2018-12-16,False,True,S2_2018-12-16,0133,9
2,2018-12-19,False,False,S2_2018-12-19,0133,9
3,2018-12-26,False,True,S2_2018-12-26,0133,9
4,2019-01-05,False,True,S2_2019-01-05,0133,9
5,2019-01-10,False,True,S2_2019-01-10,0133,9
6,2019-01-13,False,False,S2_2019-01-13,0133,9
7,2019-01-15,False,True,S2_2019-01-15,0133,9
8,2019-01-18,False,False,S2_2019-01-18,0133,9
9,2019-01-23,False,False,S2_2019-01-23,0133,9
1,2018-12-28,False,True,S2_2018-12-28,0055,3
2,2019-01-02,False,False,S2_2019-01-02,0055,3
3,2019-02-01,False,True,S2_2019-02-01,0055,3
1,2019-01-31,False,True,S2_2019-01-31,0169,5
2,2019-02-10,False,True,S2_2019-02-10,0169,5
3,2019-02-25,False,True,S2_2019-02-25,0169,5
4,2019-04-01,True,True,S2_2019-04-01,0169,5
5,2019-04-16,True,True,S2_2019-04-16,0169,5
1,2018-12-25,False,True,S2_2018-12-25,0021,9
2,2018-12-30,False,True,S2_2018-12-30,0021,9
3,2019-01-09,False,True,S2_2019-01-09,0021,9
4,2019-01-14,False,True,S2_2019-01-14,0021,9
5,2019-01-19,False,True,S2_2019-01-19,0021,9
6,2019-01-24,False,True,S2_2019-01-24,0021,9
7,2019-01-29,False,True,S2_2019-01-29,0021,9
8,2019-02-03,False,True,S2_2019-02-03,0021,9
9,2019-02-08,False,False,S2_2019-02-08,0021,9
1,2019-02-13,False,True,S2_2019-02-13,0222,9
2,2019-02-23,False,True,S2_2019-02-23,0222,9
3,2019-02-28,False,True,S2_2019-02-28,0222,9
4,2019-03-10,False,False,S2_2019-03-10,0222,9
5,2019-03-25,True,True,S2_2019-03-25,0222,9
6,2019-04-04,True,True,S2_2019-04-04,0222,9
7,2019-04-14,True,False,S2_2019-04-14,0222,9
8,2019-04-19,True,True,S2_2019-04-19,0222,9
9,2019-04-24,True,True,S2_2019-04-24,0222,9
1,2019-01-09,False,True,S2_2019-01-09,0321,4
2,2019-02-13,True,True,S2_2019-02-13,0321,4
3,2019-02-28,True,True,S2_2019-02-28,0321,4
4,2019-03-15,True,True,S2_2019-03-15,0321,4
1,2019-02-13,False,True,S2_2019-02-13,0213,9
2,2019-02-23,False,True,S2_2019-02-23,0213,9
3,2019-02-28,False,True,S2_2019-02-28,0213,9
4,2019-03-10,False,False,S2_2019-03-10,0213,9
5,2019-03-25,True,True,S2_2019-03-25,0213,9
6,2019-04-04,True,True,S2_2019-04-04,0213,9
7,2019-04-14,True,False,S2_2019-04-14,0213,9
8,2019-04-19,True,True,S2_2019-04-19,0213,9
9,2019-04-24,True,True,S2_2019-04-24,0213,9
1,2019-01-09,False,True,S2_2019-01-09,0309,4
2,2019-02-13,True,True,S2_2019-02-13,0309,4
3,2019-02-28,True,True,S2_2019-02-28,0309,4
4,2019-03-15,True,True,S2_2019-03-15,0309,4
1,2019-02-02,False,True,S2_2019-02-02,0171,5
2,2019-02-27,False,True,S2_2019-02-27,0171,5
3,2019-03-29,True,False,S2_2019-03-29,0171,5
4,2019-04-13,True,True,S2_2019-04-13,0171,5
5,2019-04-18,True,True,S2_2019-04-18,0171,5
1,2019-01-09,False,True,S2_2019-01-09,4,4
2,2019-02-13,True,True,S2_2019-02-13,4,4
3,2019-02-28,True,True,S2_2019-02-28,4,4
4,2019-03-15,True,True,S2_2019-03-15,4,4
1,2019-01-31,False,True,S2_2019-01-31,54,5
2,2019-02-10,False,True,S2_2019-02-10,54,5
3,2019-02-25,False,True,S2_2019-02-25,54,5
4,2019-04-01,True,True,S2_2019-04-01,54,5
5,2019-04-16,True,True,S2_2019-04-16,54,5
1,2019-02-25,False,True,S2_2019-02-25,0272,9
2,2019-03-02,False,True,S2_2019-03-02,0272,9
3,2019-03-04,False,True,S2_2019-03-04,0272,9
4,2019-03-07,False,True,S2_2019-03-07,0272,9
5,2019-03-09,False,True,S2_2019-03-09,0272,9
6,2019-03-12,False,True,S2_2019-03-12,0272,9
7,2019-03-17,False,True,S2_2019-03-17,0272,9
8,2019-03-19,False,True,S2_2019-03-19,0272,9
9,2019-03-22,False,True,S2_2019-03-22,0272,9
1,2019-02-23,False,True,S2_2019-02-23,0137,6
2,2019-02-28,False,True,S2_2019-02-28,0137,6
3,2019-03-10,True,True,S2_2019-03-10,0137,6
4,2019-03-25,True,True,S2_2019-03-25,0137,6
5,2019-03-30,True,True,S2_2019-03-30,0137,6
6,2019-04-09,True,True,S2_2019-04-09,0137,6
1,2018-12-16,False,True,S2_2018-12-16,0127,9
2,2018-12-19,False,False,S2_2018-12-19,0127,9
3,2018-12-26,False,True,S2_2018-12-26,0127,9
4,2019-01-05,False,True,S2_2019-01-05,0127,9
5,2019-01-10,False,True,S2_2019-01-10,0127,9
6,2019-01-13,False,False,S2_2019-01-13,0127,9
7,2019-01-15,False,True,S2_2019-01-15,0127,9
8,2019-01-18,False,False,S2_2019-01-18,0127,9
9,2019-01-23,False,False,S2_2019-01-23,0127,9
1,2019-03-09,False,True,S2_2019-03-09,0230,9
2,2019-03-12,False,True,S2_2019-03-12,0230,9
3,2019-03-17,False,True,S2_2019-03-17,0230,9
4,2019-03-19,False,True,S2_2019-03-19,0230,9
5,2019-03-22,False,True,S2_2019-03-22,0230,9
6,2019-03-27,False,True,S2_2019-03-27,0230,9
7,2019-04-08,False,True,S2_2019-04-08,0230,9
8,2019-04-21,False,True,S2_2019-04-21,0230,9
9,2019-04-23,True,True,S2_2019-04-23,0230,9
1,2018-12-28,False,True,S2_2018-12-28,0028,3
2,2019-01-02,False,False,S2_2019-01-02,0028,3
3,2019-02-01,False,True,S2_2019-02-01,0028,3
1,2018-12-15,False,False,S2_2018-12-15,13,9
2,2018-12-17,False,True,S2_2018-12-17,13,9
3,2018-12-20,False,False,S2_2018-12-20,13,9
4,2018-12-22,False,True,S2_2018-12-22,13,9
5,2018-12-30,False,False,S2_2018-12-30,13,9
6,2019-01-04,False,False,S2_2019-01-04,13,9
7,2019-01-06,False,True,S2_2019-01-06,13,9
8,2019-01-14,False,False,S2_2019-01-14,13,9
9,2019-01-16,False,True,S2_2019-01-16,13,9
1,2018-12-28,False,True,S2_2018-12-28,14,3
2,2019-01-02,False,False,S2_2019-01-02,14,3
3,2019-02-01,False,True,S2_2019-02-01,14,3
1,2019-03-09,False,True,S2_2019-03-09,0227,9
2,2019-03-12,False,True,S2_2019-03-12,0227,9
3,2019-03-17,False,True,S2_2019-03-17,0227,9
4,2019-03-19,False,True,S2_2019-03-19,0227,9
5,2019-03-22,False,True,S2_2019-03-22,0227,9
6,2019-03-27,False,True,S2_2019-03-27,0227,9
7,2019-04-08,False,True,S2_2019-04-08,0227,9
8,2019-04-21,False,True,S2_2019-04-21,0227,9
9,2019-04-23,True,True,S2_2019-04-23,0227,9
1,2018-12-13,False,True,S2_2018-12-13,0097,7
2,2018-12-28,False,True,S2_2018-12-28,0097,7
3,2019-01-02,False,True,S2_2019-01-02,0097,7
4,2019-01-22,False,True,S2_2019-01-22,0097,7
5,2019-01-27,False,True,S2_2019-01-27,0097,7
6,2019-02-06,False,True,S2_2019-02-06,0097,7
7,2019-02-11,False,True,S2_2019-02-11,0097,7
1,2019-04-05,False,True,S2_2019-04-05,33,4
2,2019-04-10,False,True,S2_2019-04-10,33,4
3,2019-04-25,False,True,S2_2019-04-25,33,4
4,2019-05-20,True,True,S2_2019-05-20,33,4
1,2018-12-13,False,True,S2_2018-12-13,37,7
2,2018-12-28,False,True,S2_2018-12-28,37,7
3,2019-01-02,False,True,S2_2019-01-02,37,7
4,2019-01-22,False,True,S2_2019-01-22,37,7
5,2019-01-27,False,True,S2_2019-01-27,37,7
6,2019-02-06,False,True,S2_2019-02-06,37,7
7,2019-02-11,False,True,S2_2019-02-11,37,7
1,2019-04-05,False,True,S2_2019-04-05,23,4
2,2019-04-10,False,True,S2_2019-04-10,23,4
3,2019-04-25,False,True,S2_2019-04-25,23,4
4,2019-05-20,True,True,S2_2019-05-20,23,4
1,2018-12-13,False,True,S2_2018-12-13,0093,7
2,2018-12-28,False,True,S2_2018-12-28,0093,7
3,2019-01-02,False,True,S2_2019-01-02,0093,7
4,2019-01-22,False,True,S2_2019-01-22,0093,7
5,2019-01-27,False,True,S2_2019-01-27,0093,7
6,2019-02-06,False,True,S2_2019-02-06,0093,7
7,2019-02-11,False,True,S2_2019-02-11,0093,7
1,2019-01-31,False,True,S2_2019-01-31,0162,5
2,2019-02-10,False,True,S2_2019-02-10,0162,5
3,2019-02-25,False,True,S2_2019-02-25,0162,5
4,2019-04-01,True,True,S2_2019-04-01,0162,5
5,2019-04-16,True,True,S2_2019-04-16,0162,5
1,2019-02-25,False,True,S2_2019-02-25,0281,9
2,2019-03-02,False,True,S2_2019-03-02,0281,9
3,2019-03-04,False,True,S2_2019-03-04,0281,9
4,2019-03-07,False,True,S2_2019-03-07,0281,9
5,2019-03-09,False,True,S2_2019-03-09,0281,9
6,2019-03-12,False,True,S2_2019-03-12,0281,9
7,2019-03-17,False,True,S2_2019-03-17,0281,9
8,2019-03-19,False,True,S2_2019-03-19,0281,9
9,2019-03-22,False,True,S2_2019-03-22,0281,9
1,2019-02-23,False,True,S2_2019-02-23,18,6
2,2019-02-28,False,True,S2_2019-02-28,18,6
3,2019-03-10,True,True,S2_2019-03-10,18,6
4,2019-03-25,True,True,S2_2019-03-25,18,6
5,2019-03-30,True,True,S2_2019-03-30,18,6
6,2019-04-09,True,True,S2_2019-04-09,18,6
1,2019-02-04,False,True,S2_2019-02-04,0072,1
1,2019-02-23,False,True,S2_2019-02-23,0138,6
2,2019-02-28,False,True,S2_2019-02-28,0138,6
3,2019-03-10,True,True,S2_2019-03-10,0138,6
4,2019-03-25,True,True,S2_2019-03-25,0138,6
5,2019-03-30,True,True,S2_2019-03-30,0138,6
6,2019-04-09,True,True,S2_2019-04-09,0138,6
1,2019-02-01,False,True,S2_2019-02-01,0184,6
2,2019-02-11,False,True,S2_2019-02-11,0184,6
3,2019-02-21,False,True,S2_2019-02-21,0184,6
4,2019-03-03,False,True,S2_2019-03-03,0184,6
5,2019-03-28,True,True,S2_2019-03-28,0184,6
6,2019-04-27,True,True,S2_2019-04-27,0184,6
1,2018-12-25,False,True,S2_2018-12-25,0018,9
2,2018-12-30,False,True,S2_2018-12-30,0018,9
3,2019-01-09,False,True,S2_2019-01-09,0018,9
4,2019-01-14,False,True,S2_2019-01-14,0018,9
5,2019-01-19,False,True,S2_2019-01-19,0018,9
6,2019-01-24,False,True,S2_2019-01-24,0018,9
7,2019-01-29,False,True,S2_2019-01-29,0018,9
8,2019-02-03,False,True,S2_2019-02-03,0018,9
9,2019-02-08,False,False,S2_2019-02-08,0018,9
1,2019-02-13,False,False,S2_2019-02-13,0194,9
2,2019-02-23,False,True,S2_2019-02-23,0194,9
3,2019-02-28,False,True,S2_2019-02-28,0194,9
4,2019-03-10,False,True,S2_2019-03-10,0194,9
5,2019-03-25,True,True,S2_2019-03-25,0194,9
6,2019-04-04,True,True,S2_2019-04-04,0194,9
7,2019-04-14,True,True,S2_2019-04-14,0194,9
8,2019-04-19,True,False,S2_2019-04-19,0194,9
9,2019-04-24,True,True,S2_2019-04-24,0194,9
1,2018-12-28,False,True,S2_2018-12-28,42,3
2,2019-01-02,False,False,S2_2019-01-02,42,3
3,2019-02-01,False,True,S2_2019-02-01,42,3
1,2018-12-28,False,True,S2_2018-12-28,0053,3
2,2019-01-02,False,False,S2_2019-01-02,0053,3
3,2019-02-01,False,True,S2_2019-02-01,0053,3
1,2019-02-04,False,True,S2_2019-02-04,48,1
1,2018-12-15,False,True,S2_2018-12-15,9,6
2,2018-12-17,False,False,S2_2018-12-17,9,6
3,2018-12-27,False,True,S2_2018-12-27,9,6
4,2019-01-24,False,True,S2_2019-01-24,9,6
5,2019-01-31,False,True,S2_2019-01-31,9,6
6,2019-02-10,False,True,S2_2019-02-10,9,6
1,2018-12-28,False,True,S2_2018-12-28,36,3
2,2019-01-02,False,False,S2_2019-01-02,36,3
3,2019-02-01,False,True,S2_2019-02-01,36,3
1,2018-12-13,False,True,S2_2018-12-13,0105,7
2,2018-12-28,False,True,S2_2018-12-28,0105,7
3,2019-01-02,False,True,S2_2019-01-02,0105,7
4,2019-01-22,False,True,S2_2019-01-22,0105,7
5,2019-01-27,False,True,S2_2019-01-27,0105,7
6,2019-02-06,False,True,S2_2019-02-06,0105,7
7,2019-02-11,False,True,S2_2019-02-11,0105,7
1,2019-01-26,False,False,S2_2019-01-26,0147,9
2,2019-01-31,False,True,S2_2019-01-31,0147,9
3,2019-02-10,False,True,S2_2019-02-10,0147,9
4,2019-02-25,False,True,S2_2019-02-25,0147,9
5,2019-03-12,True,True,S2_2019-03-12,0147,9
6,2019-04-01,True,False,S2_2019-04-01,0147,9
7,2019-04-06,True,False,S2_2019-04-06,0147,9
8,2019-04-16,True,True,S2_2019-04-16,0147,9
9,2019-04-21,True,False,S2_2019-04-21,0147,9
1,2019-03-09,False,True,S2_2019-03-09,63,9
2,2019-03-12,False,True,S2_2019-03-12,63,9
3,2019-03-17,False,True,S2_2019-03-17,63,9
4,2019-03-19,False,True,S2_2019-03-19,63,9
5,2019-03-22,False,True,S2_2019-03-22,63,9
6,2019-03-27,False,True,S2_2019-03-27,63,9
7,2019-04-08,False,True,S2_2019-04-08,63,9
8,2019-04-21,False,True,S2_2019-04-21,63,9
9,2019-04-23,True,True,S2_2019-04-23,63,9
1,2018-12-13,False,True,S2_2018-12-13,0090,7
2,2018-12-28,False,True,S2_2018-12-28,0090,7
3,2019-01-02,False,True,S2_2019-01-02,0090,7
4,2019-01-22,False,True,S2_2019-01-22,0090,7
5,2019-01-27,False,True,S2_2019-01-27,0090,7
6,2019-02-06,False,True,S2_2019-02-06,0090,7
7,2019-02-11,False,True,S2_2019-02-11,0090,7
1,2019-02-01,False,True,S2_2019-02-01,41,6
2,2019-02-11,False,True,S2_2019-02-11,41,6
3,2019-02-21,False,True,S2_2019-02-21,41,6
4,2019-03-03,False,True,S2_2019-03-03,41,6
5,2019-03-28,True,True,S2_2019-03-28,41,6
6,2019-04-27,True,True,S2_2019-04-27,41,6
1,2019-03-09,False,True,S2_2019-03-09,0241,9
2,2019-03-12,False,True,S2_2019-03-12,0241,9
3,2019-03-17,False,True,S2_2019-03-17,0241,9
4,2019-03-19,False,True,S2_2019-03-19,0241,9
5,2019-03-22,False,True,S2_2019-03-22,0241,9
6,2019-03-27,False,True,S2_2019-03-27,0241,9
7,2019-04-08,False,True,S2_2019-04-08,0241,9
8,2019-04-21,False,True,S2_2019-04-21,0241,9
9,2019-04-23,True,True,S2_2019-04-23,0241,9
1,2018-12-28,False,True,S2_2018-12-28,0057,3
2,2019-01-02,False,False,S2_2019-01-02,0057,3
3,2019-02-01,False,True,S2_2019-02-01,0057,3
1,2018-12-28,False,True,S2_2018-12-28,0048,3
2,2019-01-02,False,False,S2_2019-01-02,0048,3
3,2019-02-01,False,True,S2_2019-02-01,0048,3
1,2018-12-28,False,True,S2_2018-12-28,26,3
2,2019-01-02,False,False,S2_2019-01-02,26,3
3,2019-02-01,False,True,S2_2019-02-01,26,3
1,2019-01-09,False,True,S2_2019-01-09,0318,4
2,2019-02-13,True,True,S2_2019-02-13,0318,4
3,2019-02-28,True,True,S2_2019-02-28,0318,4
4,2019-03-15,True,True,S2_2019-03-15,0318,4
1,2019-01-31,False,True,S2_2019-01-31,0165,5
2,2019-02-10,False,True,S2_2019-02-10,0165,5
3,2019-02-25,False,True,S2_2019-02-25,0165,5
4,2019-04-01,True,True,S2_2019-04-01,0165,5
5,2019-04-16,True,True,S2_2019-04-16,0165,5
1,2019-02-02,False,True,S2_2019-02-02,0173,5
2,2019-02-27,False,True,S2_2019-02-27,0173,5
3,2019-03-29,True,True,S2_2019-03-29,0173,5
4,2019-04-13,True,True,S2_2019-04-13,0173,5
5,2019-04-18,True,True,S2_2019-04-18,0173,5
1,2019-02-13,False,True,S2_2019-02-13,0215,9
2,2019-02-23,False,True,S2_2019-02-23,0215,9
3,2019-02-28,False,True,S2_2019-02-28,0215,9
4,2019-03-10,False,False,S2_2019-03-10,0215,9
5,2019-03-25,True,True,S2_2019-03-25,0215,9
6,2019-04-04,True,True,S2_2019-04-04,0215,9
7,2019-04-14,True,False,S2_2019-04-14,0215,9
8,2019-04-19,True,True,S2_2019-04-19,0215,9
9,2019-04-24,True,True,S2_2019-04-24,0215,9
1,2019-01-09,False,True,S2_2019-01-09,0301,4
2,2019-02-13,True,True,S2_2019-02-13,0301,4
3,2019-02-28,True,True,S2_2019-02-28,0301,4
4,2019-03-15,True,True,S2_2019-03-15,0301,4
1,2019-01-09,False,True,S2_2019-01-09,53,4
2,2019-02-13,True,True,S2_2019-02-13,53,4
3,2019-02-28,True,True,S2_2019-02-28,53,4
4,2019-03-15,True,True,S2_2019-03-15,53,4
1,2018-12-28,False,True,S2_2018-12-28,0050,3
2,2019-01-02,False,False,S2_2019-01-02,0050,3
3,2019-02-01,False,True,S2_2019-02-01,0050,3
1,2018-12-26,False,True,S2_2018-12-26,0075,7
2,2018-12-31,False,True,S2_2018-12-31,0075,7
3,2019-01-05,False,True,S2_2019-01-05,0075,7
4,2019-01-10,False,True,S2_2019-01-10,0075,7
5,2019-01-30,False,True,S2_2019-01-30,0075,7
6,2019-02-04,False,True,S2_2019-02-04,0075,7
7,2019-02-14,False,True,S2_2019-02-14,0075,7
1,2018-12-26,False,True,S2_2018-12-26,0079,7
2,2018-12-31,False,True,S2_2018-12-31,0079,7
3,2019-01-05,False,True,S2_2019-01-05,0079,7
4,2019-01-10,False,True,S2_2019-01-10,0079,7
5,2019-01-30,False,True,S2_2019-01-30,0079,7
6,2019-02-04,False,True,S2_2019-02-04,0079,7
7,2019-02-14,False,True,S2_2019-02-14,0079,7
1,2019-02-25,False,True,S2_2019-02-25,0279,9
2,2019-03-02,False,True,S2_2019-03-02,0279,9
3,2019-03-04,False,True,S2_2019-03-04,0279,9
4,2019-03-07,False,True,S2_2019-03-07,0279,9
5,2019-03-09,False,True,S2_2019-03-09,0279,9
6,2019-03-12,False,True,S2_2019-03-12,0279,9
7,2019-03-17,False,True,S2_2019-03-17,0279,9
8,2019-03-19,False,True,S2_2019-03-19,0279,9
9,2019-03-22,False,True,S2_2019-03-22,0279,9
1,2018-12-13,False,True,S2_2018-12-13,0098,7
2,2018-12-28,False,True,S2_2018-12-28,0098,7
3,2019-01-02,False,True,S2_2019-01-02,0098,7
4,2019-01-22,False,True,S2_2019-01-22,0098,7
5,2019-01-27,False,True,S2_2019-01-27,0098,7
6,2019-02-06,False,True,S2_2019-02-06,0098,7
7,2019-02-11,False,True,S2_2019-02-11,0098,7
1,2019-02-25,False,True,S2_2019-02-25,0276,9
2,2019-03-02,False,True,S2_2019-03-02,0276,9
3,2019-03-04,False,True,S2_2019-03-04,0276,9
4,2019-03-07,False,True,S2_2019-03-07,0276,9
5,2019-03-09,False,True,S2_2019-03-09,0276,9
6,2019-03-12,False,True,S2_2019-03-12,0276,9
7,2019-03-17,False,True,S2_2019-03-17,0276,9
8,2019-03-19,False,True,S2_2019-03-19,0276,9
9,2019-03-22,False,True,S2_2019-03-22,0276,9
1,2018-12-26,False,True,S2_2018-12-26,0081,7
2,2018-12-31,False,True,S2_2018-12-31,0081,7
3,2019-01-05,False,True,S2_2019-01-05,0081,7
4,2019-01-10,False,True,S2_2019-01-10,0081,7
5,2019-01-30,False,True,S2_2019-01-30,0081,7
6,2019-02-04,False,True,S2_2019-02-04,0081,7
7,2019-02-14,False,True,S2_2019-02-14,0081,7
1,2018-12-15,False,True,S2_2018-12-15,0117,6
2,2018-12-17,False,True,S2_2018-12-17,0117,6
3,2018-12-27,False,True,S2_2018-12-27,0117,6
4,2019-01-24,False,True,S2_2019-01-24,0117,6
5,2019-01-31,False,True,S2_2019-01-31,0117,6
6,2019-02-10,False,True,S2_2019-02-10,0117,6
1,2019-01-26,False,False,S2_2019-01-26,0141,9
2,2019-01-31,False,True,S2_2019-01-31,0141,9
3,2019-02-10,False,True,S2_2019-02-10,0141,9
4,2019-02-25,False,True,S2_2019-02-25,0141,9
5,2019-03-12,True,True,S2_2019-03-12,0141,9
6,2019-04-01,True,False,S2_2019-04-01,0141,9
7,2019-04-06,True,False,S2_2019-04-06,0141,9
8,2019-04-16,True,True,S2_2019-04-16,0141,9
9,2019-04-21,True,False,S2_2019-04-21,0141,9
1,2019-02-25,False,True,S2_2019-02-25,40,9
2,2019-03-02,False,True,S2_2019-03-02,40,9
3,2019-03-04,False,True,S2_2019-03-04,40,9
4,2019-03-07,False,True,S2_2019-03-07,40,9
5,2019-03-09,False,True,S2_2019-03-09,40,9
6,2019-03-12,False,True,S2_2019-03-12,40,9
7,2019-03-17,False,True,S2_2019-03-17,40,9
8,2019-03-19,False,True,S2_2019-03-19,40,9
9,2019-03-22,False,True,S2_2019-03-22,40,9
1,2019-02-01,False,True,S2_2019-02-01,0181,6
2,2019-02-11,False,True,S2_2019-02-11,0181,6
3,2019-02-21,False,True,S2_2019-02-21,0181,6
4,2019-03-03,False,True,S2_2019-03-03,0181,6
5,2019-03-28,True,True,S2_2019-03-28,0181,6
6,2019-04-27,True,True,S2_2019-04-27,0181,6
1,2019-02-13,False,True,S2_2019-02-13,0214,9
2,2019-02-23,False,True,S2_2019-02-23,0214,9
3,2019-02-28,False,True,S2_2019-02-28,0214,9
4,2019-03-10,False,False,S2_2019-03-10,0214,9
5,2019-03-25,True,True,S2_2019-03-25,0214,9
6,2019-04-04,True,True,S2_2019-04-04,0214,9
7,2019-04-14,True,False,S2_2019-04-14,0214,9
8,2019-04-19,True,True,S2_2019-04-19,0214,9
9,2019-04-24,True,True,S2_2019-04-24,0214,9
1,2019-01-09,False,True,S2_2019-01-09,0333,4
2,2019-02-13,True,True,S2_2019-02-13,0333,4
3,2019-02-28,True,True,S2_2019-02-28,0333,4
4,2019-03-15,True,True,S2_2019-03-15,0333,4
1,2019-02-13,False,True,S2_2019-02-13,0212,9
2,2019-02-23,False,True,S2_2019-02-23,0212,9
3,2019-02-28,False,True,S2_2019-02-28,0212,9
4,2019-03-10,False,False,S2_2019-03-10,0212,9
5,2019-03-25,True,True,S2_2019-03-25,0212,9
6,2019-04-04,True,True,S2_2019-04-04,0212,9
7,2019-04-14,True,False,S2_2019-04-14,0212,9
8,2019-04-19,True,True,S2_2019-04-19,0212,9
9,2019-04-24,True,True,S2_2019-04-24,0212,9
1,2018-12-15,False,True,S2_2018-12-15,0120,6
2,2018-12-17,False,True,S2_2018-12-17,0120,6
3,2018-12-27,False,True,S2_2018-12-27,0120,6
4,2019-01-24,False,True,S2_2019-01-24,0120,6
5,2019-01-31,False,True,S2_2019-01-31,0120,6
6,2019-02-10,False,True,S2_2019-02-10,0120,6
1,2019-02-13,False,False,S2_2019-02-13,16,9
2,2019-02-23,False,True,S2_2019-02-23,16,9
3,2019-02-28,False,True,S2_2019-02-28,16,9
4,2019-03-10,False,True,S2_2019-03-10,16,9
5,2019-03-25,True,True,S2_2019-03-25,16,9
6,2019-04-04,True,True,S2_2019-04-04,16,9
7,2019-04-14,True,True,S2_2019-04-14,16,9
8,2019-04-19,True,False,S2_2019-04-19,16,9
9,2019-04-24,True,True,S2_2019-04-24,16,9
1,2019-02-25,False,True,S2_2019-02-25,0259,9
2,2019-03-02,False,True,S2_2019-03-02,0259,9
3,2019-03-04,False,True,S2_2019-03-04,0259,9
4,2019-03-07,False,True,S2_2019-03-07,0259,9
5,2019-03-09,False,True,S2_2019-03-09,0259,9
6,2019-03-12,False,True,S2_2019-03-12,0259,9
7,2019-03-17,False,False,S2_2019-03-17,0259,9
8,2019-03-19,False,True,S2_2019-03-19,0259,9
9,2019-03-22,False,True,S2_2019-03-22,0259,9
1,2018-12-25,False,True,S2_2018-12-25,0014,9
2,2018-12-30,False,True,S2_2018-12-30,0014,9
3,2019-01-09,False,True,S2_2019-01-09,0014,9
4,2019-01-14,False,True,S2_2019-01-14,0014,9
5,2019-01-19,False,True,S2_2019-01-19,0014,9
6,2019-01-24,False,True,S2_2019-01-24,0014,9
7,2019-01-29,False,True,S2_2019-01-29,0014,9
8,2019-02-03,False,True,S2_2019-02-03,0014,9
9,2019-02-08,False,False,S2_2019-02-08,0014,9
1,2019-02-13,False,False,S2_2019-02-13,0193,9
2,2019-02-23,False,True,S2_2019-02-23,0193,9
3,2019-02-28,False,True,S2_2019-02-28,0193,9
4,2019-03-10,False,True,S2_2019-03-10,0193,9
5,2019-03-25,True,True,S2_2019-03-25,0193,9
6,2019-04-04,True,True,S2_2019-04-04,0193,9
7,2019-04-14,True,True,S2_2019-04-14,0193,9
8,2019-04-19,True,False,S2_2019-04-19,0193,9
9,2019-04-24,True,True,S2_2019-04-24,0193,9
1,2018-12-28,False,True,S2_2018-12-28,0034,3
2,2019-01-02,False,False,S2_2019-01-02,0034,3
3,2019-02-01,False,True,S2_2019-02-01,0034,3
1,2019-01-31,False,True,S2_2019-01-31,0168,5
2,2019-02-10,False,True,S2_2019-02-10,0168,5
3,2019-02-25,False,True,S2_2019-02-25,0168,5
4,2019-04-01,True,True,S2_2019-04-01,0168,5
5,2019-04-16,True,True,S2_2019-04-16,0168,5
1,2019-03-09,False,True,S2_2019-03-09,0250,9
2,2019-03-12,False,True,S2_2019-03-12,0250,9
3,2019-03-17,False,True,S2_2019-03-17,0250,9
4,2019-03-19,False,True,S2_2019-03-19,0250,9
5,2019-03-22,False,True,S2_2019-03-22,0250,9
6,2019-03-27,False,True,S2_2019-03-27,0250,9
7,2019-04-08,False,True,S2_2019-04-08,0250,9
8,2019-04-21,False,True,S2_2019-04-21,0250,9
9,2019-04-23,True,True,S2_2019-04-23,0250,9
1,2019-01-26,False,True,S2_2019-01-26,0157,9
2,2019-01-31,False,True,S2_2019-01-31,0157,9
3,2019-02-10,False,True,S2_2019-02-10,0157,9
4,2019-02-25,False,True,S2_2019-02-25,0157,9
5,2019-03-12,True,True,S2_2019-03-12,0157,9
6,2019-04-01,True,True,S2_2019-04-01,0157,9
7,2019-04-06,True,True,S2_2019-04-06,0157,9
8,2019-04-16,True,True,S2_2019-04-16,0157,9
9,2019-04-21,True,True,S2_2019-04-21,0157,9
1,2019-01-09,False,True,S2_2019-01-09,0295,4
2,2019-02-13,True,True,S2_2019-02-13,0295,4
3,2019-02-28,True,True,S2_2019-02-28,0295,4
4,2019-03-15,True,True,S2_2019-03-15,0295,4
1,2018-12-13,False,True,S2_2018-12-13,0106,7
2,2018-12-28,False,True,S2_2018-12-28,0106,7
3,2019-01-02,False,True,S2_2019-01-02,0106,7
4,2019-01-22,False,True,S2_2019-01-22,0106,7
5,2019-01-27,False,True,S2_2019-01-27,0106,7
6,2019-02-06,False,True,S2_2019-02-06,0106,7
7,2019-02-11,False,True,S2_2019-02-11,0106,7
1,2019-02-04,False,True,S2_2019-02-04,0068,1
1,2018-12-18,False,False,S2_2018-12-18,7,9
2,2018-12-28,False,True,S2_2018-12-28,7,9
3,2019-01-02,False,False,S2_2019-01-02,7,9
4,2019-01-07,False,False,S2_2019-01-07,7,9
5,2019-01-12,False,True,S2_2019-01-12,7,9
6,2019-01-17,False,True,S2_2019-01-17,7,9
7,2019-01-22,False,True,S2_2019-01-22,7,9
8,2019-01-27,False,True,S2_2019-01-27,7,9
9,2019-02-06,False,True,S2_2019-02-06,7,9
1,2019-02-25,False,True,S2_2019-02-25,3,9
2,2019-03-02,False,True,S2_2019-03-02,3,9
3,2019-03-04,False,True,S2_2019-03-04,3,9
4,2019-03-07,False,True,S2_2019-03-07,3,9
5,2019-03-09,False,True,S2_2019-03-09,3,9
6,2019-03-12,False,True,S2_2019-03-12,3,9
7,2019-03-17,False,True,S2_2019-03-17,3,9
8,2019-03-19,False,True,S2_2019-03-19,3,9
9,2019-03-22,False,True,S2_2019-03-22,3,9
1,2018-12-16,False,True,S2_2018-12-16,0128,9
2,2018-12-19,False,False,S2_2018-12-19,0128,9
3,2018-12-26,False,True,S2_2018-12-26,0128,9
4,2019-01-05,False,True,S2_2019-01-05,0128,9
5,2019-01-10,False,True,S2_2019-01-10,0128,9
6,2019-01-13,False,False,S2_2019-01-13,0128,9
7,2019-01-15,False,True,S2_2019-01-15,0128,9
8,2019-01-18,False,False,S2_2019-01-18,0128,9
9,2019-01-23,False,False,S2_2019-01-23,0128,9
1,2019-03-09,False,True,S2_2019-03-09,0244,9
2,2019-03-12,False,True,S2_2019-03-12,0244,9
3,2019-03-17,False,True,S2_2019-03-17,0244,9
4,2019-03-19,False,True,S2_2019-03-19,0244,9
5,2019-03-22,False,True,S2_2019-03-22,0244,9
6,2019-03-27,False,True,S2_2019-03-27,0244,9
7,2019-04-08,False,True,S2_2019-04-08,0244,9
8,2019-04-21,False,True,S2_2019-04-21,0244,9
9,2019-04-23,True,True,S2_2019-04-23,0244,9
1,2019-02-13,False,True,S2_2019-02-13,0208,9
2,2019-02-23,False,True,S2_2019-02-23,0208,9
3,2019-02-28,False,True,S2_2019-02-28,0208,9
4,2019-03-10,False,False,S2_2019-03-10,0208,9
5,2019-03-25,True,True,S2_2019-03-25,0208,9
6,2019-04-04,True,True,S2_2019-04-04,0208,9
7,2019-04-14,True,False,S2_2019-04-14,0208,9
8,2019-04-19,True,True,S2_2019-04-19,0208,9
9,2019-04-24,True,True,S2_2019-04-24,0208,9
1,2019-03-09,False,True,S2_2019-03-09,0229,9
2,2019-03-12,False,True,S2_2019-03-12,0229,9
3,2019-03-17,False,True,S2_2019-03-17,0229,9
4,2019-03-19,False,True,S2_2019-03-19,0229,9
5,2019-03-22,False,True,S2_2019-03-22,0229,9
6,2019-03-27,False,True,S2_2019-03-27,0229,9
7,2019-04-08,False,True,S2_2019-04-08,0229,9
8,2019-04-21,False,True,S2_2019-04-21,0229,9
9,2019-04-23,True,True,S2_2019-04-23,0229,9
1,2019-02-25,False,True,S2_2019-02-25,0266,9
2,2019-03-02,False,True,S2_2019-03-02,0266,9
3,2019-03-04,False,True,S2_2019-03-04,0266,9
4,2019-03-07,False,True,S2_2019-03-07,0266,9
5,2019-03-09,False,True,S2_2019-03-09,0266,9
6,2019-03-12,False,True,S2_2019-03-12,0266,9
7,2019-03-17,False,True,S2_2019-03-17,0266,9
8,2019-03-19,False,True,S2_2019-03-19,0266,9
9,2019-03-22,False,True,S2_2019-03-22,0266,9
1,2019-02-23,False,True,S2_2019-02-23,0201,8
2,2019-02-28,False,True,S2_2019-02-28,0201,8
3,2019-03-10,False,True,S2_2019-03-10,0201,8
4,2019-03-25,True,True,S2_2019-03-25,0201,8
5,2019-04-04,True,True,S2_2019-04-04,0201,8
6,2019-04-14,True,True,S2_2019-04-14,0201,8
7,2019-04-24,True,True,S2_2019-04-24,0201,8
8,2019-04-29,True,True,S2_2019-04-29,0201,8
1,2019-01-09,False,True,S2_2019-01-09,0325,4
2,2019-02-13,True,True,S2_2019-02-13,0325,4
3,2019-02-28,True,True,S2_2019-02-28,0325,4
4,2019-03-15,True,True,S2_2019-03-15,0325,4
1,2019-03-09,False,True,S2_2019-03-09,0245,9
2,2019-03-12,False,True,S2_2019-03-12,0245,9
3,2019-03-17,False,True,S2_2019-03-17,0245,9
4,2019-03-19,False,True,S2_2019-03-19,0245,9
5,2019-03-22,False,True,S2_2019-03-22,0245,9
6,2019-03-27,False,True,S2_2019-03-27,0245,9
7,2019-04-08,False,True,S2_2019-04-08,0245,9
8,2019-04-21,False,True,S2_2019-04-21,0245,9
9,2019-04-23,True,True,S2_2019-04-23,0245,9
1,2019-03-09,False,True,S2_2019-03-09,0247,9
2,2019-03-12,False,True,S2_2019-03-12,0247,9
3,2019-03-17,False,True,S2_2019-03-17,0247,9
4,2019-03-19,False,False,S2_2019-03-19,0247,9
5,2019-03-22,False,True,S2_2019-03-22,0247,9
6,2019-03-27,False,True,S2_2019-03-27,0247,9
7,2019-04-08,False,True,S2_2019-04-08,0247,9
8,2019-04-21,False,True,S2_2019-04-21,0247,9
9,2019-04-23,True,True,S2_2019-04-23,0247,9
1,2019-02-13,False,True,S2_2019-02-13,0219,9
2,2019-02-23,False,True,S2_2019-02-23,0219,9
3,2019-02-28,False,True,S2_2019-02-28,0219,9
4,2019-03-10,False,False,S2_2019-03-10,0219,9
5,2019-03-25,True,True,S2_2019-03-25,0219,9
6,2019-04-04,True,True,S2_2019-04-04,0219,9
7,2019-04-14,True,False,S2_2019-04-14,0219,9
8,2019-04-19,True,True,S2_2019-04-19,0219,9
9,2019-04-24,True,True,S2_2019-04-24,0219,9
1,2019-01-09,False,True,S2_2019-01-09,56,4
2,2019-02-13,True,True,S2_2019-02-13,56,4
3,2019-02-28,True,True,S2_2019-02-28,56,4
4,2019-03-15,True,True,S2_2019-03-15,56,4
1,2019-03-09,False,True,S2_2019-03-09,0236,9
2,2019-03-12,False,True,S2_2019-03-12,0236,9
3,2019-03-17,False,True,S2_2019-03-17,0236,9
4,2019-03-19,False,False,S2_2019-03-19,0236,9
5,2019-03-22,False,True,S2_2019-03-22,0236,9
6,2019-03-27,False,False,S2_2019-03-27,0236,9
7,2019-04-08,False,True,S2_2019-04-08,0236,9
8,2019-04-21,False,True,S2_2019-04-21,0236,9
9,2019-04-23,True,True,S2_2019-04-23,0236,9
1,2019-02-13,False,True,S2_2019-02-13,0207,9
2,2019-02-23,False,True,S2_2019-02-23,0207,9
3,2019-02-28,False,True,S2_2019-02-28,0207,9
4,2019-03-10,False,False,S2_2019-03-10,0207,9
5,2019-03-25,True,True,S2_2019-03-25,0207,9
6,2019-04-04,True,True,S2_2019-04-04,0207,9
7,2019-04-14,True,False,S2_2019-04-14,0207,9
8,2019-04-19,True,True,S2_2019-04-19,0207,9
9,2019-04-24,True,True,S2_2019-04-24,0207,9
1,2019-03-09,False,True,S2_2019-03-09,0249,9
2,2019-03-12,False,True,S2_2019-03-12,0249,9
3,2019-03-17,False,True,S2_2019-03-17,0249,9
4,2019-03-19,False,True,S2_2019-03-19,0249,9
5,2019-03-22,False,True,S2_2019-03-22,0249,9
6,2019-03-27,False,True,S2_2019-03-27,0249,9
7,2019-04-08,False,True,S2_2019-04-08,0249,9
8,2019-04-21,False,True,S2_2019-04-21,0249,9
9,2019-04-23,True,True,S2_2019-04-23,0249,9
1,2019-02-04,False,True,S2_2019-02-04,0061,1
1,2019-03-09,False,True,S2_2019-03-09,0233,9
2,2019-03-12,False,True,S2_2019-03-12,0233,9
3,2019-03-17,False,True,S2_2019-03-17,0233,9
4,2019-03-19,False,True,S2_2019-03-19,0233,9
5,2019-03-22,False,True,S2_2019-03-22,0233,9
6,2019-03-27,False,True,S2_2019-03-27,0233,9
7,2019-04-08,False,True,S2_2019-04-08,0233,9
8,2019-04-21,False,True,S2_2019-04-21,0233,9
9,2019-04-23,True,True,S2_2019-04-23,0233,9
1,2019-01-09,False,True,S2_2019-01-09,0320,4
2,2019-02-13,True,True,S2_2019-02-13,0320,4
3,2019-02-28,True,True,S2_2019-02-28,0320,4
4,2019-03-15,True,True,S2_2019-03-15,0320,4
1,2018-12-25,False,True,S2_2018-12-25,0013,9
2,2018-12-30,False,True,S2_2018-12-30,0013,9
3,2019-01-09,False,True,S2_2019-01-09,0013,9
4,2019-01-14,False,True,S2_2019-01-14,0013,9
5,2019-01-19,False,True,S2_2019-01-19,0013,9
6,2019-01-24,False,True,S2_2019-01-24,0013,9
7,2019-01-29,False,True,S2_2019-01-29,0013,9
8,2019-02-03,False,True,S2_2019-02-03,0013,9
9,2019-02-08,False,False,S2_2019-02-08,0013,9
1,2019-02-13,False,True,S2_2019-02-13,0188,9
2,2019-02-23,False,True,S2_2019-02-23,0188,9
3,2019-02-28,False,True,S2_2019-02-28,0188,9
4,2019-03-10,False,True,S2_2019-03-10,0188,9
5,2019-03-25,True,True,S2_2019-03-25,0188,9
6,2019-04-04,True,True,S2_2019-04-04,0188,9
7,2019-04-14,True,True,S2_2019-04-14,0188,9
8,2019-04-19,True,True,S2_2019-04-19,0188,9
9,2019-04-24,True,True,S2_2019-04-24,0188,9
1,2018-12-28,False,True,S2_2018-12-28,10,3
2,2019-01-02,False,False,S2_2019-01-02,10,3
3,2019-02-01,False,True,S2_2019-02-01,10,3
1,2019-01-09,False,True,S2_2019-01-09,0300,4
2,2019-02-13,True,True,S2_2019-02-13,0300,4
3,2019-02-28,True,True,S2_2019-02-28,0300,4
4,2019-03-15,True,True,S2_2019-03-15,0300,4
1,2019-02-02,False,True,S2_2019-02-02,12,5
2,2019-02-27,False,True,S2_2019-02-27,12,5
3,2019-03-29,True,False,S2_2019-03-29,12,5
4,2019-04-13,True,True,S2_2019-04-13,12,5
5,2019-04-18,True,True,S2_2019-04-18,12,5
1,2019-03-09,False,True,S2_2019-03-09,44,9
2,2019-03-12,False,True,S2_2019-03-12,44,9
3,2019-03-17,False,True,S2_2019-03-17,44,9
4,2019-03-19,False,True,S2_2019-03-19,44,9
5,2019-03-22,False,True,S2_2019-03-22,44,9
6,2019-03-27,False,True,S2_2019-03-27,44,9
7,2019-04-08,False,True,S2_2019-04-08,44,9
8,2019-04-21,False,True,S2_2019-04-21,44,9
9,2019-04-23,True,True,S2_2019-04-23,44,9
1,2019-01-09,False,True,S2_2019-01-09,0326,4
2,2019-02-13,True,True,S2_2019-02-13,0326,4
3,2019-02-28,True,True,S2_2019-02-28,0326,4
4,2019-03-15,True,True,S2_2019-03-15,0326,4
1,2019-02-13,False,True,S2_2019-02-13,20,9
2,2019-02-23,False,True,S2_2019-02-23,20,9
3,2019-02-28,False,True,S2_2019-02-28,20,9
4,2019-03-10,False,False,S2_2019-03-10,20,9
5,2019-03-25,True,True,S2_2019-03-25,20,9
6,2019-04-04,True,True,S2_2019-04-04,20,9
7,2019-04-14,True,False,S2_2019-04-14,20,9
8,2019-04-19,True,True,S2_2019-04-19,20,9
9,2019-04-24,True,True,S2_2019-04-24,20,9
1,2018-12-14,False,True,S2_2018-12-14,0025,4
2,2019-01-13,False,True,S2_2019-01-13,0025,4
3,2019-01-23,False,True,S2_2019-01-23,0025,4
4,2019-01-28,False,True,S2_2019-01-28,0025,4
1,2019-02-25,False,True,S2_2019-02-25,0257,9
2,2019-03-02,False,True,S2_2019-03-02,0257,9
3,2019-03-04,False,True,S2_2019-03-04,0257,9
4,2019-03-07,False,True,S2_2019-03-07,0257,9
5,2019-03-09,False,True,S2_2019-03-09,0257,9
6,2019-03-12,False,True,S2_2019-03-12,0257,9
7,2019-03-17,False,False,S2_2019-03-17,0257,9
8,2019-03-19,False,True,S2_2019-03-19,0257,9
9,2019-03-22,False,True,S2_2019-03-22,0257,9
1,2018-12-28,False,True,S2_2018-12-28,24,3
2,2019-01-02,False,False,S2_2019-01-02,24,3
3,2019-02-01,False,True,S2_2019-02-01,24,3
1,2019-02-25,False,True,S2_2019-02-25,0278,9
2,2019-03-02,False,True,S2_2019-03-02,0278,9
3,2019-03-04,False,True,S2_2019-03-04,0278,9
4,2019-03-07,False,True,S2_2019-03-07,0278,9
5,2019-03-09,False,True,S2_2019-03-09,0278,9
6,2019-03-12,False,True,S2_2019-03-12,0278,9
7,2019-03-17,False,True,S2_2019-03-17,0278,9
8,2019-03-19,False,True,S2_2019-03-19,0278,9
9,2019-03-22,False,True,S2_2019-03-22,0278,9
1,2018-12-14,False,True,S2_2018-12-14,0024,4
2,2019-01-13,False,True,S2_2019-01-13,0024,4
3,2019-01-23,False,True,S2_2019-01-23,0024,4
4,2019-01-28,False,True,S2_2019-01-28,0024,4
1,2018-12-26,False,True,S2_2018-12-26,0085,7
2,2018-12-31,False,True,S2_2018-12-31,0085,7
3,2019-01-05,False,True,S2_2019-01-05,0085,7
4,2019-01-10,False,True,S2_2019-01-10,0085,7
5,2019-01-30,False,True,S2_2019-01-30,0085,7
6,2019-02-04,False,True,S2_2019-02-04,0085,7
7,2019-02-14,False,True,S2_2019-02-14,0085,7
1,2019-01-26,False,False,S2_2019-01-26,0151,9
2,2019-01-31,False,True,S2_2019-01-31,0151,9
3,2019-02-10,False,True,S2_2019-02-10,0151,9
4,2019-02-25,False,True,S2_2019-02-25,0151,9
5,2019-03-12,True,True,S2_2019-03-12,0151,9
6,2019-04-01,True,False,S2_2019-04-01,0151,9
7,2019-04-06,True,False,S2_2019-04-06,0151,9
8,2019-04-16,True,True,S2_2019-04-16,0151,9
9,2019-04-21,True,False,S2_2019-04-21,0151,9
1,2019-01-09,False,True,S2_2019-01-09,0334,4
2,2019-02-13,True,True,S2_2019-02-13,0334,4
3,2019-02-28,True,True,S2_2019-02-28,0334,4
4,2019-03-15,True,True,S2_2019-03-15,0334,4
1,2019-01-09,False,True,S2_2019-01-09,0329,4
2,2019-02-13,True,True,S2_2019-02-13,0329,4
3,2019-02-28,True,True,S2_2019-02-28,0329,4
4,2019-03-15,True,True,S2_2019-03-15,0329,4
1,2019-03-09,False,True,S2_2019-03-09,19,9
2,2019-03-12,False,True,S2_2019-03-12,19,9
3,2019-03-17,False,True,S2_2019-03-17,19,9
4,2019-03-19,False,True,S2_2019-03-19,19,9
5,2019-03-22,False,True,S2_2019-03-22,19,9
6,2019-03-27,False,True,S2_2019-03-27,19,9
7,2019-04-08,False,True,S2_2019-04-08,19,9
8,2019-04-21,False,True,S2_2019-04-21,19,9
9,2019-04-23,True,True,S2_2019-04-23,19,9
1,2019-02-23,False,True,S2_2019-02-23,34,8
2,2019-02-28,False,True,S2_2019-02-28,34,8
3,2019-03-10,False,True,S2_2019-03-10,34,8
4,2019-03-25,True,True,S2_2019-03-25,34,8
5,2019-04-04,True,True,S2_2019-04-04,34,8
6,2019-04-14,True,True,S2_2019-04-14,34,8
7,2019-04-24,True,True,S2_2019-04-24,34,8
8,2019-04-29,True,True,S2_2019-04-29,34,8
1,2019-03-09,False,True,S2_2019-03-09,0234,9
2,2019-03-12,False,True,S2_2019-03-12,0234,9
3,2019-03-17,False,True,S2_2019-03-17,0234,9
4,2019-03-19,False,True,S2_2019-03-19,0234,9
5,2019-03-22,False,True,S2_2019-03-22,0234,9
6,2019-03-27,False,True,S2_2019-03-27,0234,9
7,2019-04-08,False,True,S2_2019-04-08,0234,9
8,2019-04-21,False,True,S2_2019-04-21,0234,9
9,2019-04-23,True,True,S2_2019-04-23,0234,9
1,2019-01-26,False,False,S2_2019-01-26,0158,9
2,2019-01-31,False,True,S2_2019-01-31,0158,9
3,2019-02-10,False,True,S2_2019-02-10,0158,9
4,2019-02-25,False,True,S2_2019-02-25,0158,9
5,2019-03-12,True,True,S2_2019-03-12,0158,9
6,2019-04-01,True,False,S2_2019-04-01,0158,9
7,2019-04-06,True,False,S2_2019-04-06,0158,9
8,2019-04-16,True,True,S2_2019-04-16,0158,9
9,2019-04-21,True,False,S2_2019-04-21,0158,9
1,2018-12-16,False,True,S2_2018-12-16,0132,9
2,2018-12-19,False,False,S2_2018-12-19,0132,9
3,2018-12-26,False,True,S2_2018-12-26,0132,9
4,2019-01-05,False,True,S2_2019-01-05,0132,9
5,2019-01-10,False,True,S2_2019-01-10,0132,9
6,2019-01-13,False,False,S2_2019-01-13,0132,9
7,2019-01-15,False,True,S2_2019-01-15,0132,9
8,2019-01-18,False,False,S2_2019-01-18,0132,9
9,2019-01-23,False,False,S2_2019-01-23,0132,9
1,2019-02-25,False,True,S2_2019-02-25,0288,9
2,2019-03-02,False,True,S2_2019-03-02,0288,9
3,2019-03-04,False,True,S2_2019-03-04,0288,9
4,2019-03-07,False,True,S2_2019-03-07,0288,9
5,2019-03-09,False,True,S2_2019-03-09,0288,9
6,2019-03-12,False,True,S2_2019-03-12,0288,9
7,2019-03-17,False,True,S2_2019-03-17,0288,9
8,2019-03-19,False,True,S2_2019-03-19,0288,9
9,2019-03-22,False,True,S2_2019-03-22,0288,9
1,2019-01-09,False,True,S2_2019-01-09,0335,4
2,2019-02-13,True,True,S2_2019-02-13,0335,4
3,2019-02-28,True,True,S2_2019-02-28,0335,4
4,2019-03-15,True,True,S2_2019-03-15,0335,4
1,2019-01-09,False,True,S2_2019-01-09,0336,4
2,2019-02-13,True,True,S2_2019-02-13,0336,4
3,2019-02-28,True,True,S2_2019-02-28,0336,4
4,2019-03-15,True,True,S2_2019-03-15,0336,4
1,2018-12-13,False,True,S2_2018-12-13,0111,7
2,2018-12-28,False,True,S2_2018-12-28,0111,7
3,2019-01-02,False,True,S2_2019-01-02,0111,7
4,2019-01-22,False,True,S2_2019-01-22,0111,7
5,2019-01-27,False,True,S2_2019-01-27,0111,7
6,2019-02-06,False,True,S2_2019-02-06,0111,7
7,2019-02-11,False,True,S2_2019-02-11,0111,7
1,2019-01-09,False,True,S2_2019-01-09,46,4
2,2019-02-13,True,True,S2_2019-02-13,46,4
3,2019-02-28,True,True,S2_2019-02-28,46,4
4,2019-03-15,True,True,S2_2019-03-15,46,4
1,2019-02-25,False,True,S2_2019-02-25,0253,9
2,2019-03-02,False,True,S2_2019-03-02,0253,9
3,2019-03-04,False,True,S2_2019-03-04,0253,9
4,2019-03-07,False,True,S2_2019-03-07,0253,9
5,2019-03-09,False,True,S2_2019-03-09,0253,9
6,2019-03-12,False,True,S2_2019-03-12,0253,9
7,2019-03-17,False,False,S2_2019-03-17,0253,9
8,2019-03-19,False,True,S2_2019-03-19,0253,9
9,2019-03-22,False,True,S2_2019-03-22,0253,9
1,2019-01-26,False,False,S2_2019-01-26,0140,9
2,2019-01-31,False,True,S2_2019-01-31,0140,9
3,2019-02-10,False,True,S2_2019-02-10,0140,9
4,2019-02-25,False,True,S2_2019-02-25,0140,9
5,2019-03-12,True,True,S2_2019-03-12,0140,9
6,2019-04-01,True,False,S2_2019-04-01,0140,9
7,2019-04-06,True,False,S2_2019-04-06,0140,9
8,2019-04-16,True,True,S2_2019-04-16,0140,9
9,2019-04-21,True,False,S2_2019-04-21,0140,9
1,2019-01-09,False,True,S2_2019-01-09,0330,4
2,2019-02-13,True,True,S2_2019-02-13,0330,4
3,2019-02-28,True,True,S2_2019-02-28,0330,4
4,2019-03-15,True,True,S2_2019-03-15,0330,4
1,2019-01-09,False,True,S2_2019-01-09,0296,4
2,2019-02-13,True,True,S2_2019-02-13,0296,4
3,2019-02-28,True,True,S2_2019-02-28,0296,4
4,2019-03-15,True,True,S2_2019-03-15,0296,4
1,2019-02-04,False,True,S2_2019-02-04,0060,1
1,2019-02-13,False,True,S2_2019-02-13,0216,9
2,2019-02-23,False,True,S2_2019-02-23,0216,9
3,2019-02-28,False,True,S2_2019-02-28,0216,9
4,2019-03-10,False,False,S2_2019-03-10,0216,9
5,2019-03-25,True,True,S2_2019-03-25,0216,9
6,2019-04-04,True,True,S2_2019-04-04,0216,9
7,2019-04-14,True,False,S2_2019-04-14,0216,9
8,2019-04-19,True,True,S2_2019-04-19,0216,9
9,2019-04-24,True,True,S2_2019-04-24,0216,9
1,2018-12-15,False,True,S2_2018-12-15,0115,6
2,2018-12-17,False,False,S2_2018-12-17,0115,6
3,2018-12-27,False,True,S2_2018-12-27,0115,6
4,2019-01-24,False,True,S2_2019-01-24,0115,6
5,2019-01-31,False,True,S2_2019-01-31,0115,6
6,2019-02-10,False,True,S2_2019-02-10,0115,6
1,2019-01-09,False,True,S2_2019-01-09,0331,4
2,2019-02-13,True,True,S2_2019-02-13,0331,4
3,2019-02-28,True,True,S2_2019-02-28,0331,4
4,2019-03-15,True,True,S2_2019-03-15,0331,4
1,2019-03-09,False,True,S2_2019-03-09,27,9
2,2019-03-12,False,True,S2_2019-03-12,27,9
3,2019-03-17,False,True,S2_2019-03-17,27,9
4,2019-03-19,False,True,S2_2019-03-19,27,9
5,2019-03-22,False,True,S2_2019-03-22,27,9
6,2019-03-27,False,True,S2_2019-03-27,27,9
7,2019-04-08,False,True,S2_2019-04-08,27,9
8,2019-04-21,False,True,S2_2019-04-21,27,9
9,2019-04-23,True,True,S2_2019-04-23,27,9
1,2018-12-15,False,True,S2_2018-12-15,0118,6
2,2018-12-17,False,True,S2_2018-12-17,0118,6
3,2018-12-27,False,True,S2_2018-12-27,0118,6
4,2019-01-24,False,True,S2_2019-01-24,0118,6
5,2019-01-31,False,True,S2_2019-01-31,0118,6
6,2019-02-10,False,True,S2_2019-02-10,0118,6
1,2018-12-13,False,True,S2_2018-12-13,0108,7
2,2018-12-28,False,True,S2_2018-12-28,0108,7
3,2019-01-02,False,True,S2_2019-01-02,0108,7
4,2019-01-22,False,True,S2_2019-01-22,0108,7
5,2019-01-27,False,True,S2_2019-01-27,0108,7
6,2019-02-06,False,True,S2_2019-02-06,0108,7
7,2019-02-11,False,True,S2_2019-02-11,0108,7
1,2019-02-13,False,True,S2_2019-02-13,0206,9
2,2019-02-23,False,True,S2_2019-02-23,0206,9
3,2019-02-28,False,True,S2_2019-02-28,0206,9
4,2019-03-10,False,False,S2_2019-03-10,0206,9
5,2019-03-25,True,True,S2_2019-03-25,0206,9
6,2019-04-04,True,True,S2_2019-04-04,0206,9
7,2019-04-14,True,False,S2_2019-04-14,0206,9
8,2019-04-19,True,True,S2_2019-04-19,0206,9
9,2019-04-24,True,True,S2_2019-04-24,0206,9
1,2019-02-01,False,True,S2_2019-02-01,5,7
2,2019-02-11,False,True,S2_2019-02-11,5,7
3,2019-02-21,False,True,S2_2019-02-21,5,7
4,2019-03-03,False,True,S2_2019-03-03,5,7
5,2019-03-28,True,True,S2_2019-03-28,5,7
6,2019-04-24,True,False,S2_2019-04-24,5,7
7,2019-04-27,True,True,S2_2019-04-27,5,7
1,2019-02-25,False,True,S2_2019-02-25,0287,9
2,2019-03-02,False,True,S2_2019-03-02,0287,9
3,2019-03-04,False,True,S2_2019-03-04,0287,9
4,2019-03-07,False,True,S2_2019-03-07,0287,9
5,2019-03-09,False,True,S2_2019-03-09,0287,9
6,2019-03-12,False,True,S2_2019-03-12,0287,9
7,2019-03-17,False,True,S2_2019-03-17,0287,9
8,2019-03-19,False,True,S2_2019-03-19,0287,9
9,2019-03-22,False,True,S2_2019-03-22,0287,9
1,2019-02-04,False,True,S2_2019-02-04,55,1
1,2018-12-16,False,True,S2_2018-12-16,0130,9
2,2018-12-19,False,False,S2_2018-12-19,0130,9
3,2018-12-26,False,True,S2_2018-12-26,0130,9
4,2019-01-05,False,True,S2_2019-01-05,0130,9
5,2019-01-10,False,True,S2_2019-01-10,0130,9
6,2019-01-13,False,False,S2_2019-01-13,0130,9
7,2019-01-15,False,True,S2_2019-01-15,0130,9
8,2019-01-18,False,False,S2_2019-01-18,0130,9
9,2019-01-23,False,False,S2_2019-01-23,0130,9
1,2019-04-05,False,True,S2_2019-04-05,0293,4
2,2019-04-10,False,True,S2_2019-04-10,0293,4
3,2019-04-25,False,True,S2_2019-04-25,0293,4
4,2019-05-20,True,True,S2_2019-05-20,0293,4
1,2018-12-16,False,True,S2_2018-12-16,0131,9
2,2018-12-19,False,False,S2_2018-12-19,0131,9
3,2018-12-26,False,True,S2_2018-12-26,0131,9
4,2019-01-05,False,True,S2_2019-01-05,0131,9
5,2019-01-10,False,True,S2_2019-01-10,0131,9
6,2019-01-13,False,False,S2_2019-01-13,0131,9
7,2019-01-15,False,True,S2_2019-01-15,0131,9
8,2019-01-18,False,False,S2_2019-01-18,0131,9
9,2019-01-23,False,False,S2_2019-01-23,0131,9
1,2019-02-13,False,True,S2_2019-02-13,0217,9
2,2019-02-23,False,True,S2_2019-02-23,0217,9
3,2019-02-28,False,True,S2_2019-02-28,0217,9
4,2019-03-10,False,False,S2_2019-03-10,0217,9
5,2019-03-25,True,True,S2_2019-03-25,0217,9
6,2019-04-04,True,True,S2_2019-04-04,0217,9
7,2019-04-14,True,False,S2_2019-04-14,0217,9
8,2019-04-19,True,False,S2_2019-04-19,0217,9
9,2019-04-24,True,True,S2_2019-04-24,0217,9
1,2018-12-25,False,True,S2_2018-12-25,49,9
2,2018-12-30,False,True,S2_2018-12-30,49,9
3,2019-01-09,False,True,S2_2019-01-09,49,9
4,2019-01-14,False,True,S2_2019-01-14,49,9
5,2019-01-19,False,True,S2_2019-01-19,49,9
6,2019-01-24,False,True,S2_2019-01-24,49,9
7,2019-01-29,False,True,S2_2019-01-29,49,9
8,2019-02-03,False,True,S2_2019-02-03,49,9
9,2019-02-08,False,False,S2_2019-02-08,49,9
1,2019-01-26,False,False,S2_2019-01-26,0155,9
2,2019-01-31,False,True,S2_2019-01-31,0155,9
3,2019-02-10,False,True,S2_2019-02-10,0155,9
4,2019-02-25,False,True,S2_2019-02-25,0155,9
5,2019-03-12,True,True,S2_2019-03-12,0155,9
6,2019-04-01,True,False,S2_2019-04-01,0155,9
7,2019-04-06,True,False,S2_2019-04-06,0155,9
8,2019-04-16,True,True,S2_2019-04-16,0155,9
9,2019-04-21,True,False,S2_2019-04-21,0155,9
1,2019-02-13,False,True,S2_2019-02-13,0204,9
2,2019-02-23,False,True,S2_2019-02-23,0204,9
3,2019-02-28,False,True,S2_2019-02-28,0204,9
4,2019-03-10,False,False,S2_2019-03-10,0204,9
5,2019-03-25,True,True,S2_2019-03-25,0204,9
6,2019-04-04,True,True,S2_2019-04-04,0204,9
7,2019-04-14,True,False,S2_2019-04-14,0204,9
8,2019-04-19,True,True,S2_2019-04-19,0204,9
9,2019-04-24,True,True,S2_2019-04-24,0204,9
1,2018-12-18,False,True,S2_2018-12-18,0001,9
2,2018-12-23,False,False,S2_2018-12-23,0001,9
3,2019-01-02,False,True,S2_2019-01-02,0001,9
4,2019-01-12,False,True,S2_2019-01-12,0001,9
5,2019-01-17,False,True,S2_2019-01-17,0001,9
6,2019-01-22,False,True,S2_2019-01-22,0001,9
7,2019-01-27,False,True,S2_2019-01-27,0001,9
8,2019-02-01,False,True,S2_2019-02-01,0001,9
9,2019-02-06,False,True,S2_2019-02-06,0001,9
1,2019-04-05,False,True,S2_2019-04-05,0290,4
2,2019-04-10,False,True,S2_2019-04-10,0290,4
3,2019-04-25,False,True,S2_2019-04-25,0290,4
4,2019-05-20,True,True,S2_2019-05-20,0290,4
1,2019-02-01,False,True,S2_2019-02-01,0178,7
2,2019-02-11,False,True,S2_2019-02-11,0178,7
3,2019-02-21,False,True,S2_2019-02-21,0178,7
4,2019-03-03,False,True,S2_2019-03-03,0178,7
5,2019-03-28,True,True,S2_2019-03-28,0178,7
6,2019-04-24,True,False,S2_2019-04-24,0178,7
7,2019-04-27,True,True,S2_2019-04-27,0178,7
1,2018-12-15,False,True,S2_2018-12-15,0116,6
2,2018-12-17,False,True,S2_2018-12-17,0116,6
3,2018-12-27,False,True,S2_2018-12-27,0116,6
4,2019-01-24,False,True,S2_2019-01-24,0116,6
5,2019-01-31,False,True,S2_2019-01-31,0116,6
6,2019-02-10,False,True,S2_2019-02-10,0116,6
1,2019-02-13,False,True,S2_2019-02-13,0218,9
2,2019-02-23,False,True,S2_2019-02-23,0218,9
3,2019-02-28,False,True,S2_2019-02-28,0218,9
4,2019-03-10,False,False,S2_2019-03-10,0218,9
5,2019-03-25,True,True,S2_2019-03-25,0218,9
6,2019-04-04,True,True,S2_2019-04-04,0218,9
7,2019-04-14,True,False,S2_2019-04-14,0218,9
8,2019-04-19,True,True,S2_2019-04-19,0218,9
9,2019-04-24,True,True,S2_2019-04-24,0218,9
1,2018-12-28,False,True,S2_2018-12-28,0030,3
2,2019-01-02,False,False,S2_2019-01-02,0030,3
3,2019-02-01,False,True,S2_2019-02-01,0030,3
1,2019-03-09,False,True,S2_2019-03-09,58,9
2,2019-03-12,False,True,S2_2019-03-12,58,9
3,2019-03-17,False,True,S2_2019-03-17,58,9
4,2019-03-19,False,True,S2_2019-03-19,58,9
5,2019-03-22,False,True,S2_2019-03-22,58,9
6,2019-03-27,False,True,S2_2019-03-27,58,9
7,2019-04-08,False,True,S2_2019-04-08,58,9
8,2019-04-21,False,True,S2_2019-04-21,58,9
9,2019-04-23,True,True,S2_2019-04-23,58,9
1,2019-03-09,False,True,S2_2019-03-09,62,9
2,2019-03-12,False,True,S2_2019-03-12,62,9
3,2019-03-17,False,True,S2_2019-03-17,62,9
4,2019-03-19,False,True,S2_2019-03-19,62,9
5,2019-03-22,False,True,S2_2019-03-22,62,9
6,2019-03-27,False,True,S2_2019-03-27,62,9
7,2019-04-08,False,True,S2_2019-04-08,62,9
8,2019-04-21,False,True,S2_2019-04-21,62,9
9,2019-04-23,True,True,S2_2019-04-23,62,9
1,2019-02-13,False,True,S2_2019-02-13,0203,9
2,2019-02-23,False,True,S2_2019-02-23,0203,9
3,2019-02-28,False,True,S2_2019-02-28,0203,9
4,2019-03-10,False,False,S2_2019-03-10,0203,9
5,2019-03-25,True,True,S2_2019-03-25,0203,9
6,2019-04-04,True,True,S2_2019-04-04,0203,9
7,2019-04-14,True,False,S2_2019-04-14,0203,9
8,2019-04-19,True,True,S2_2019-04-19,0203,9
9,2019-04-24,True,True,S2_2019-04-24,0203,9
1,2019-02-04,False,True,S2_2019-02-04,0073,1
1,2018-12-28,False,True,S2_2018-12-28,0037,3
2,2019-01-02,False,False,S2_2019-01-02,0037,3
3,2019-02-01,False,True,S2_2019-02-01,0037,3
1,2019-01-09,False,True,S2_2019-01-09,0304,4
2,2019-02-13,True,True,S2_2019-02-13,0304,4
3,2019-02-28,True,True,S2_2019-02-28,0304,4
4,2019-03-15,True,True,S2_2019-03-15,0304,4
1,2018-12-13,False,True,S2_2018-12-13,0099,7
2,2018-12-28,False,True,S2_2018-12-28,0099,7
3,2019-01-02,False,True,S2_2019-01-02,0099,7
4,2019-01-22,False,True,S2_2019-01-22,0099,7
5,2019-01-27,False,True,S2_2019-01-27,0099,7
6,2019-02-06,False,True,S2_2019-02-06,0099,7
7,2019-02-11,False,True,S2_2019-02-11,0099,7
1,2019-03-09,False,True,S2_2019-03-09,0225,9
2,2019-03-12,False,True,S2_2019-03-12,0225,9
3,2019-03-17,False,True,S2_2019-03-17,0225,9
4,2019-03-19,False,True,S2_2019-03-19,0225,9
5,2019-03-22,False,True,S2_2019-03-22,0225,9
6,2019-03-27,False,True,S2_2019-03-27,0225,9
7,2019-04-08,False,True,S2_2019-04-08,0225,9
8,2019-04-21,False,True,S2_2019-04-21,0225,9
9,2019-04-23,True,True,S2_2019-04-23,0225,9
1,2019-01-26,False,False,S2_2019-01-26,0,9
2,2019-01-31,False,True,S2_2019-01-31,0,9
3,2019-02-10,False,True,S2_2019-02-10,0,9
4,2019-02-25,False,True,S2_2019-02-25,0,9
5,2019-03-12,True,True,S2_2019-03-12,0,9
6,2019-04-01,True,False,S2_2019-04-01,0,9
7,2019-04-06,True,False,S2_2019-04-06,0,9
8,2019-04-16,True,True,S2_2019-04-16,0,9
9,2019-04-21,True,False,S2_2019-04-21,0,9
1,2018-12-13,False,True,S2_2018-12-13,0109,7
2,2018-12-28,False,True,S2_2018-12-28,0109,7
3,2019-01-02,False,True,S2_2019-01-02,0109,7
4,2019-01-22,False,True,S2_2019-01-22,0109,7
5,2019-01-27,False,True,S2_2019-01-27,0109,7
6,2019-02-06,False,True,S2_2019-02-06,0109,7
7,2019-02-11,False,True,S2_2019-02-11,0109,7
1,2018-12-28,False,True,S2_2018-12-28,0045,3
2,2019-01-02,False,False,S2_2019-01-02,0045,3
3,2019-02-01,False,True,S2_2019-02-01,0045,3
1,2019-01-09,False,True,S2_2019-01-09,0332,4
2,2019-02-13,True,True,S2_2019-02-13,0332,4
3,2019-02-28,True,True,S2_2019-02-28,0332,4
4,2019-03-15,True,True,S2_2019-03-15,0332,4
1,2019-02-13,False,True,S2_2019-02-13,21,9
2,2019-02-23,False,True,S2_2019-02-23,21,9
3,2019-02-28,False,True,S2_2019-02-28,21,9
4,2019-03-10,False,True,S2_2019-03-10,21,9
5,2019-03-25,True,True,S2_2019-03-25,21,9
6,2019-04-04,True,True,S2_2019-04-04,21,9
7,2019-04-14,True,True,S2_2019-04-14,21,9
8,2019-04-19,True,True,S2_2019-04-19,21,9
9,2019-04-24,True,True,S2_2019-04-24,21,9
1,2018-12-26,False,True,S2_2018-12-26,0089,7
2,2018-12-31,False,True,S2_2018-12-31,0089,7
3,2019-01-05,False,True,S2_2019-01-05,0089,7
4,2019-01-10,False,True,S2_2019-01-10,0089,7
5,2019-01-30,False,True,S2_2019-01-30,0089,7
6,2019-02-04,False,True,S2_2019-02-04,0089,7
7,2019-02-14,False,True,S2_2019-02-14,0089,7
1,2019-02-25,False,True,S2_2019-02-25,0286,9
2,2019-03-02,False,True,S2_2019-03-02,0286,9
3,2019-03-04,False,True,S2_2019-03-04,0286,9
4,2019-03-07,False,True,S2_2019-03-07,0286,9
5,2019-03-09,False,True,S2_2019-03-09,0286,9
6,2019-03-12,False,True,S2_2019-03-12,0286,9
7,2019-03-17,False,True,S2_2019-03-17,0286,9
8,2019-03-19,False,True,S2_2019-03-19,0286,9
9,2019-03-22,False,True,S2_2019-03-22,0286,9
1,2018-12-28,False,True,S2_2018-12-28,0031,3
2,2019-01-02,False,False,S2_2019-01-02,0031,3
3,2019-02-01,False,True,S2_2019-02-01,0031,3
1,2019-01-09,False,True,S2_2019-01-09,0327,4
2,2019-02-13,True,True,S2_2019-02-13,0327,4
3,2019-02-28,True,True,S2_2019-02-28,0327,4
4,2019-03-15,True,True,S2_2019-03-15,0327,4
1,2018-12-15,False,False,S2_2018-12-15,0006,9
2,2018-12-17,False,True,S2_2018-12-17,0006,9
3,2018-12-20,False,False,S2_2018-12-20,0006,9
4,2018-12-22,False,True,S2_2018-12-22,0006,9
5,2018-12-30,False,False,S2_2018-12-30,0006,9
6,2019-01-04,False,False,S2_2019-01-04,0006,9
7,2019-01-06,False,True,S2_2019-01-06,0006,9
8,2019-01-14,False,False,S2_2019-01-14,0006,9
9,2019-01-16,False,True,S2_2019-01-16,0006,9
1,2019-01-26,False,False,S2_2019-01-26,0143,9
2,2019-01-31,False,True,S2_2019-01-31,0143,9
3,2019-02-10,False,True,S2_2019-02-10,0143,9
4,2019-02-25,False,True,S2_2019-02-25,0143,9
5,2019-03-12,True,True,S2_2019-03-12,0143,9
6,2019-04-01,True,False,S2_2019-04-01,0143,9
7,2019-04-06,True,False,S2_2019-04-06,0143,9
8,2019-04-16,True,True,S2_2019-04-16,0143,9
9,2019-04-21,True,False,S2_2019-04-21,0143,9
1,2019-03-09,False,True,S2_2019-03-09,0246,9
2,2019-03-12,False,True,S2_2019-03-12,0246,9
3,2019-03-17,False,True,S2_2019-03-17,0246,9
4,2019-03-19,False,True,S2_2019-03-19,0246,9
5,2019-03-22,False,True,S2_2019-03-22,0246,9
6,2019-03-27,False,True,S2_2019-03-27,0246,9
7,2019-04-08,False,True,S2_2019-04-08,0246,9
8,2019-04-21,False,True,S2_2019-04-21,0246,9
9,2019-04-23,True,True,S2_2019-04-23,0246,9
1,2019-01-09,False,True,S2_2019-01-09,0319,4
2,2019-02-13,True,True,S2_2019-02-13,0319,4
3,2019-02-28,True,True,S2_2019-02-28,0319,4
4,2019-03-15,True,True,S2_2019-03-15,0319,4
1,2019-01-09,False,True,S2_2019-01-09,0328,4
2,2019-02-13,True,True,S2_2019-02-13,0328,4
3,2019-02-28,True,True,S2_2019-02-28,0328,4
4,2019-03-15,True,True,S2_2019-03-15,0328,4
1,2018-12-25,False,True,S2_2018-12-25,0012,9
2,2018-12-30,False,True,S2_2018-12-30,0012,9
3,2019-01-09,False,True,S2_2019-01-09,0012,9
4,2019-01-14,False,True,S2_2019-01-14,0012,9
5,2019-01-19,False,True,S2_2019-01-19,0012,9
6,2019-01-24,False,True,S2_2019-01-24,0012,9
7,2019-01-29,False,True,S2_2019-01-29,0012,9
8,2019-02-03,False,True,S2_2019-02-03,0012,9
9,2019-02-08,False,False,S2_2019-02-08,0012,9
1,2019-02-25,False,True,S2_2019-02-25,0282,9
2,2019-03-02,False,True,S2_2019-03-02,0282,9
3,2019-03-04,False,True,S2_2019-03-04,0282,9
4,2019-03-07,False,True,S2_2019-03-07,0282,9
5,2019-03-09,False,True,S2_2019-03-09,0282,9
6,2019-03-12,False,True,S2_2019-03-12,0282,9
7,2019-03-17,False,True,S2_2019-03-17,0282,9
8,2019-03-19,False,True,S2_2019-03-19,0282,9
9,2019-03-22,False,True,S2_2019-03-22,0282,9
1,2018-12-18,False,False,S2_2018-12-18,0059,9
2,2018-12-28,False,True,S2_2018-12-28,0059,9
3,2019-01-02,False,False,S2_2019-01-02,0059,9
4,2019-01-07,False,False,S2_2019-01-07,0059,9
5,2019-01-12,False,True,S2_2019-01-12,0059,9
6,2019-01-17,False,True,S2_2019-01-17,0059,9
7,2019-01-22,False,True,S2_2019-01-22,0059,9
8,2019-01-27,False,True,S2_2019-01-27,0059,9
9,2019-02-06,False,True,S2_2019-02-06,0059,9
1,2019-02-02,False,True,S2_2019-02-02,22,5
2,2019-02-27,False,True,S2_2019-02-27,22,5
3,2019-03-29,True,False,S2_2019-03-29,22,5
4,2019-04-13,True,True,S2_2019-04-13,22,5
5,2019-04-18,True,True,S2_2019-04-18,22,5
1,2018-12-16,False,True,S2_2018-12-16,0135,9
2,2018-12-19,False,False,S2_2018-12-19,0135,9
3,2018-12-26,False,True,S2_2018-12-26,0135,9
4,2019-01-05,False,True,S2_2019-01-05,0135,9
5,2019-01-10,False,True,S2_2019-01-10,0135,9
6,2019-01-13,False,False,S2_2019-01-13,0135,9
7,2019-01-15,False,True,S2_2019-01-15,0135,9
8,2019-01-18,False,False,S2_2019-01-18,0135,9
9,2019-01-23,False,False,S2_2019-01-23,0135,9
1,2019-02-25,False,True,S2_2019-02-25,0271,9
2,2019-03-02,False,True,S2_2019-03-02,0271,9
3,2019-03-04,False,True,S2_2019-03-04,0271,9
4,2019-03-07,False,True,S2_2019-03-07,0271,9
5,2019-03-09,False,True,S2_2019-03-09,0271,9
6,2019-03-12,False,True,S2_2019-03-12,0271,9
7,2019-03-17,False,True,S2_2019-03-17,0271,9
8,2019-03-19,False,True,S2_2019-03-19,0271,9
9,2019-03-22,False,True,S2_2019-03-22,0271,9
1,2018-12-16,False,True,S2_2018-12-16,60,9
2,2018-12-19,False,False,S2_2018-12-19,60,9
3,2018-12-26,False,True,S2_2018-12-26,60,9
4,2019-01-05,False,True,S2_2019-01-05,60,9
5,2019-01-10,False,True,S2_2019-01-10,60,9
6,2019-01-13,False,False,S2_2019-01-13,60,9
7,2019-01-15,False,True,S2_2019-01-15,60,9
8,2019-01-18,False,False,S2_2019-01-18,60,9
9,2019-01-23,False,False,S2_2019-01-23,60,9
1,2019-03-09,False,True,S2_2019-03-09,0238,9
2,2019-03-12,False,True,S2_2019-03-12,0238,9
3,2019-03-17,False,True,S2_2019-03-17,0238,9
4,2019-03-19,False,True,S2_2019-03-19,0238,9
5,2019-03-22,False,True,S2_2019-03-22,0238,9
6,2019-03-27,False,True,S2_2019-03-27,0238,9
7,2019-04-08,False,True,S2_2019-04-08,0238,9
8,2019-04-21,False,True,S2_2019-04-21,0238,9
9,2019-04-23,True,True,S2_2019-04-23,0238,9
1,2018-12-13,False,True,S2_2018-12-13,0094,7
2,2018-12-28,False,True,S2_2018-12-28,0094,7
3,2019-01-02,False,True,S2_2019-01-02,0094,7
4,2019-01-22,False,True,S2_2019-01-22,0094,7
5,2019-01-27,False,True,S2_2019-01-27,0094,7
6,2019-02-06,False,True,S2_2019-02-06,0094,7
7,2019-02-11,False,True,S2_2019-02-11,0094,7
1,2019-01-09,False,True,S2_2019-01-09,6,4
2,2019-02-13,True,True,S2_2019-02-13,6,4
3,2019-02-28,True,True,S2_2019-02-28,6,4
4,2019-03-15,True,True,S2_2019-03-15,6,4
1,2019-01-31,False,True,S2_2019-01-31,0160,5
2,2019-02-10,False,True,S2_2019-02-10,0160,5
3,2019-02-25,False,True,S2_2019-02-25,0160,5
4,2019-04-01,True,True,S2_2019-04-01,0160,5
5,2019-04-16,True,True,S2_2019-04-16,0160,5
1,2019-01-09,False,True,S2_2019-01-09,0313,4
2,2019-02-13,True,True,S2_2019-02-13,0313,4
3,2019-02-28,True,True,S2_2019-02-28,0313,4
4,2019-03-15,True,True,S2_2019-03-15,0313,4
1,2019-02-25,False,True,S2_2019-02-25,35,9
2,2019-03-02,False,True,S2_2019-03-02,35,9
3,2019-03-04,False,True,S2_2019-03-04,35,9
4,2019-03-07,False,True,S2_2019-03-07,35,9
5,2019-03-09,False,True,S2_2019-03-09,35,9
6,2019-03-12,False,True,S2_2019-03-12,35,9
7,2019-03-17,False,False,S2_2019-03-17,35,9
8,2019-03-19,False,True,S2_2019-03-19,35,9
9,2019-03-22,False,True,S2_2019-03-22,35,9
1,2019-01-26,False,False,S2_2019-01-26,0146,9
2,2019-01-31,False,True,S2_2019-01-31,0146,9
3,2019-02-10,False,True,S2_2019-02-10,0146,9
4,2019-02-25,False,True,S2_2019-02-25,0146,9
5,2019-03-12,True,True,S2_2019-03-12,0146,9
6,2019-04-01,True,False,S2_2019-04-01,0146,9
7,2019-04-06,True,False,S2_2019-04-06,0146,9
8,2019-04-16,True,True,S2_2019-04-16,0146,9
9,2019-04-21,True,False,S2_2019-04-21,0146,9
1,2019-02-13,False,False,S2_2019-02-13,15,9
2,2019-02-23,False,True,S2_2019-02-23,15,9
3,2019-02-28,False,True,S2_2019-02-28,15,9
4,2019-03-10,False,True,S2_2019-03-10,15,9
5,2019-03-25,True,True,S2_2019-03-25,15,9
6,2019-04-04,True,True,S2_2019-04-04,15,9
7,2019-04-14,True,True,S2_2019-04-14,15,9
8,2019-04-19,True,False,S2_2019-04-19,15,9
9,2019-04-24,True,True,S2_2019-04-24,15,9
1,2018-12-25,False,True,S2_2018-12-25,0010,9
2,2018-12-30,False,True,S2_2018-12-30,0010,9
3,2019-01-09,False,True,S2_2019-01-09,0010,9
4,2019-01-14,False,True,S2_2019-01-14,0010,9
5,2019-01-19,False,True,S2_2019-01-19,0010,9
6,2019-01-24,False,True,S2_2019-01-24,0010,9
7,2019-01-29,False,True,S2_2019-01-29,0010,9
8,2019-02-03,False,True,S2_2019-02-03,0010,9
9,2019-02-08,False,False,S2_2019-02-08,0010,9
1,2018-12-25,False,True,S2_2018-12-25,38,9
2,2018-12-30,False,True,S2_2018-12-30,38,9
3,2019-01-09,False,True,S2_2019-01-09,38,9
4,2019-01-14,False,True,S2_2019-01-14,38,9
5,2019-01-19,False,True,S2_2019-01-19,38,9
6,2019-01-24,False,True,S2_2019-01-24,38,9
7,2019-01-29,False,True,S2_2019-01-29,38,9
8,2019-02-03,False,True,S2_2019-02-03,38,9
9,2019-02-08,False,False,S2_2019-02-08,38,9
1,2019-02-25,False,True,S2_2019-02-25,0267,9
2,2019-03-02,False,True,S2_2019-03-02,0267,9
3,2019-03-04,False,True,S2_2019-03-04,0267,9
4,2019-03-07,False,True,S2_2019-03-07,0267,9
5,2019-03-09,False,True,S2_2019-03-09,0267,9
6,2019-03-12,False,True,S2_2019-03-12,0267,9
7,2019-03-17,False,True,S2_2019-03-17,0267,9
8,2019-03-19,False,True,S2_2019-03-19,0267,9
9,2019-03-22,False,True,S2_2019-03-22,0267,9
1,2018-12-14,False,True,S2_2018-12-14,0022,4
2,2019-01-13,False,True,S2_2019-01-13,0022,4
3,2019-01-23,False,True,S2_2019-01-23,0022,4
4,2019-01-28,False,True,S2_2019-01-28,0022,4
1,2019-02-25,False,True,S2_2019-02-25,0275,9
2,2019-03-02,False,True,S2_2019-03-02,0275,9
3,2019-03-04,False,True,S2_2019-03-04,0275,9
4,2019-03-07,False,True,S2_2019-03-07,0275,9
5,2019-03-09,False,True,S2_2019-03-09,0275,9
6,2019-03-12,False,True,S2_2019-03-12,0275,9
7,2019-03-17,False,True,S2_2019-03-17,0275,9
8,2019-03-19,False,True,S2_2019-03-19,0275,9
9,2019-03-22,False,True,S2_2019-03-22,0275,9
1,2019-02-25,False,True,S2_2019-02-25,0260,9
2,2019-03-02,False,True,S2_2019-03-02,0260,9
3,2019-03-04,False,True,S2_2019-03-04,0260,9
4,2019-03-07,False,True,S2_2019-03-07,0260,9
5,2019-03-09,False,True,S2_2019-03-09,0260,9
6,2019-03-12,False,True,S2_2019-03-12,0260,9
7,2019-03-17,False,False,S2_2019-03-17,0260,9
8,2019-03-19,False,True,S2_2019-03-19,0260,9
9,2019-03-22,False,True,S2_2019-03-22,0260,9
1,2019-02-25,False,True,S2_2019-02-25,66,9
2,2019-03-02,False,True,S2_2019-03-02,66,9
3,2019-03-04,False,True,S2_2019-03-04,66,9
4,2019-03-07,False,True,S2_2019-03-07,66,9
5,2019-03-09,False,True,S2_2019-03-09,66,9
6,2019-03-12,False,True,S2_2019-03-12,66,9
7,2019-03-17,False,True,S2_2019-03-17,66,9
8,2019-03-19,False,True,S2_2019-03-19,66,9
9,2019-03-22,False,True,S2_2019-03-22,66,9
1,2018-12-13,False,True,S2_2018-12-13,0104,7
2,2018-12-28,False,True,S2_2018-12-28,0104,7
3,2019-01-02,False,True,S2_2019-01-02,0104,7
4,2019-01-22,False,True,S2_2019-01-22,0104,7
5,2019-01-27,False,True,S2_2019-01-27,0104,7
6,2019-02-06,False,True,S2_2019-02-06,0104,7
7,2019-02-11,False,True,S2_2019-02-11,0104,7
1,2018-12-26,False,True,S2_2018-12-26,0082,7
2,2018-12-31,False,True,S2_2018-12-31,0082,7
3,2019-01-05,False,True,S2_2019-01-05,0082,7
4,2019-01-10,False,True,S2_2019-01-10,0082,7
5,2019-01-30,False,True,S2_2019-01-30,0082,7
6,2019-02-04,False,True,S2_2019-02-04,0082,7
7,2019-02-14,False,True,S2_2019-02-14,0082,7
1,2019-01-09,False,True,S2_2019-01-09,0305,4
2,2019-02-13,True,True,S2_2019-02-13,0305,4
3,2019-02-28,True,True,S2_2019-02-28,0305,4
4,2019-03-15,True,True,S2_2019-03-15,0305,4
1,2019-02-04,False,True,S2_2019-02-04,0071,1
1,2018-12-28,False,True,S2_2018-12-28,0054,3
2,2019-01-02,False,False,S2_2019-01-02,0054,3
3,2019-02-01,False,True,S2_2019-02-01,0054,3
1,2018-12-13,False,True,S2_2018-12-13,0095,7
2,2018-12-28,False,True,S2_2018-12-28,0095,7
3,2019-01-02,False,True,S2_2019-01-02,0095,7
4,2019-01-22,False,True,S2_2019-01-22,0095,7
5,2019-01-27,False,True,S2_2019-01-27,0095,7
6,2019-02-06,False,True,S2_2019-02-06,0095,7
7,2019-02-11,False,True,S2_2019-02-11,0095,7
1,2019-03-09,False,True,S2_2019-03-09,0226,9
2,2019-03-12,False,True,S2_2019-03-12,0226,9
3,2019-03-17,False,True,S2_2019-03-17,0226,9
4,2019-03-19,False,True,S2_2019-03-19,0226,9
5,2019-03-22,False,True,S2_2019-03-22,0226,9
6,2019-03-27,False,True,S2_2019-03-27,0226,9
7,2019-04-08,False,True,S2_2019-04-08,0226,9
8,2019-04-21,False,True,S2_2019-04-21,0226,9
9,2019-04-23,True,True,S2_2019-04-23,0226,9
1,2019-02-25,False,True,S2_2019-02-25,0277,9
2,2019-03-02,False,True,S2_2019-03-02,0277,9
3,2019-03-04,False,True,S2_2019-03-04,0277,9
4,2019-03-07,False,True,S2_2019-03-07,0277,9
5,2019-03-09,False,True,S2_2019-03-09,0277,9
6,2019-03-12,False,True,S2_2019-03-12,0277,9
7,2019-03-17,False,True,S2_2019-03-17,0277,9
8,2019-03-19,False,True,S2_2019-03-19,0277,9
9,2019-03-22,False,True,S2_2019-03-22,0277,9
1,2019-02-04,False,True,S2_2019-02-04,0066,1
1,2018-12-13,False,True,S2_2018-12-13,57,7
2,2018-12-28,False,True,S2_2018-12-28,57,7
3,2019-01-02,False,True,S2_2019-01-02,57,7
4,2019-01-22,False,True,S2_2019-01-22,57,7
5,2019-01-27,False,True,S2_2019-01-27,57,7
6,2019-02-06,False,True,S2_2019-02-06,57,7
7,2019-02-11,False,True,S2_2019-02-11,57,7
1,2018-12-25,False,True,S2_2018-12-25,0020,9
2,2018-12-30,False,True,S2_2018-12-30,0020,9
3,2019-01-09,False,True,S2_2019-01-09,0020,9
4,2019-01-14,False,True,S2_2019-01-14,0020,9
5,2019-01-19,False,True,S2_2019-01-19,0020,9
6,2019-01-24,False,True,S2_2019-01-24,0020,9
7,2019-01-29,False,True,S2_2019-01-29,0020,9
8,2019-02-03,False,True,S2_2019-02-03,0020,9
9,2019-02-08,False,False,S2_2019-02-08,0020,9
1,2019-02-02,False,True,S2_2019-02-02,0170,5
2,2019-02-27,False,True,S2_2019-02-27,0170,5
3,2019-03-29,True,True,S2_2019-03-29,0170,5
4,2019-04-13,True,True,S2_2019-04-13,0170,5
5,2019-04-18,True,True,S2_2019-04-18,0170,5
1,2019-02-23,False,True,S2_2019-02-23,0139,6
2,2019-02-28,False,True,S2_2019-02-28,0139,6
3,2019-03-10,True,True,S2_2019-03-10,0139,6
4,2019-03-25,True,True,S2_2019-03-25,0139,6
5,2019-03-30,True,True,S2_2019-03-30,0139,6
6,2019-04-09,True,True,S2_2019-04-09,0139,6
1,2018-12-15,False,True,S2_2018-12-15,0121,6
2,2018-12-17,False,True,S2_2018-12-17,0121,6
3,2018-12-27,False,True,S2_2018-12-27,0121,6
4,2019-01-24,False,True,S2_2019-01-24,0121,6
5,2019-01-31,False,True,S2_2019-01-31,0121,6
6,2019-02-10,False,True,S2_2019-02-10,0121,6
1,2019-01-09,False,True,S2_2019-01-09,0298,4
2,2019-02-13,True,True,S2_2019-02-13,0298,4
3,2019-02-28,True,True,S2_2019-02-28,0298,4
4,2019-03-15,True,True,S2_2019-03-15,0298,4
1,2019-02-13,False,True,S2_2019-02-13,0210,9
2,2019-02-23,False,True,S2_2019-02-23,0210,9
3,2019-02-28,False,True,S2_2019-02-28,0210,9
4,2019-03-10,False,False,S2_2019-03-10,0210,9
5,2019-03-25,True,True,S2_2019-03-25,0210,9
6,2019-04-04,True,True,S2_2019-04-04,0210,9
7,2019-04-14,True,False,S2_2019-04-14,0210,9
8,2019-04-19,True,True,S2_2019-04-19,0210,9
9,2019-04-24,True,True,S2_2019-04-24,0210,9
1,2019-02-25,False,True,S2_2019-02-25,64,9
2,2019-03-02,False,True,S2_2019-03-02,64,9
3,2019-03-04,False,True,S2_2019-03-04,64,9
4,2019-03-07,False,True,S2_2019-03-07,64,9
5,2019-03-09,False,True,S2_2019-03-09,64,9
6,2019-03-12,False,True,S2_2019-03-12,64,9
7,2019-03-17,False,True,S2_2019-03-17,64,9
8,2019-03-19,False,True,S2_2019-03-19,64,9
9,2019-03-22,False,True,S2_2019-03-22,64,9
1,2019-01-26,False,False,S2_2019-01-26,0148,9
2,2019-01-31,False,True,S2_2019-01-31,0148,9
3,2019-02-10,False,True,S2_2019-02-10,0148,9
4,2019-02-25,False,True,S2_2019-02-25,0148,9
5,2019-03-12,True,True,S2_2019-03-12,0148,9
6,2019-04-01,True,False,S2_2019-04-01,0148,9
7,2019-04-06,True,False,S2_2019-04-06,0148,9
8,2019-04-16,True,True,S2_2019-04-16,0148,9
9,2019-04-21,True,False,S2_2019-04-21,0148,9
1,2018-12-26,False,True,S2_2018-12-26,0084,7
2,2018-12-31,False,True,S2_2018-12-31,0084,7
3,2019-01-05,False,True,S2_2019-01-05,0084,7
4,2019-01-10,False,True,S2_2019-01-10,0084,7
5,2019-01-30,False,True,S2_2019-01-30,0084,7
6,2019-02-04,False,True,S2_2019-02-04,0084,7
7,2019-02-14,False,True,S2_2019-02-14,0084,7
1,2019-01-09,False,True,S2_2019-01-09,0306,4
2,2019-02-13,True,True,S2_2019-02-13,0306,4
3,2019-02-28,True,True,S2_2019-02-28,0306,4
4,2019-03-15,True,True,S2_2019-03-15,0306,4
1,2018-12-28,False,True,S2_2018-12-28,0036,3
2,2019-01-02,False,False,S2_2019-01-02,0036,3
3,2019-02-01,False,True,S2_2019-02-01,0036,3
1,2019-01-26,False,True,S2_2019-01-26,0144,9
2,2019-01-31,False,True,S2_2019-01-31,0144,9
3,2019-02-10,False,True,S2_2019-02-10,0144,9
4,2019-02-25,False,True,S2_2019-02-25,0144,9
5,2019-03-12,True,True,S2_2019-03-12,0144,9
6,2019-04-01,True,True,S2_2019-04-01,0144,9
7,2019-04-06,True,True,S2_2019-04-06,0144,9
8,2019-04-16,True,True,S2_2019-04-16,0144,9
9,2019-04-21,True,True,S2_2019-04-21,0144,9
1,2019-02-25,False,True,S2_2019-02-25,8,9
2,2019-03-02,False,True,S2_2019-03-02,8,9
3,2019-03-04,False,True,S2_2019-03-04,8,9
4,2019-03-07,False,True,S2_2019-03-07,8,9
5,2019-03-09,False,True,S2_2019-03-09,8,9
6,2019-03-12,False,True,S2_2019-03-12,8,9
7,2019-03-17,False,True,S2_2019-03-17,8,9
8,2019-03-19,False,True,S2_2019-03-19,8,9
9,2019-03-22,False,True,S2_2019-03-22,8,9
1,2019-01-09,False,False,S2_2019-01-09,0323,4
2,2019-02-13,True,True,S2_2019-02-13,0323,4
3,2019-02-28,True,True,S2_2019-02-28,0323,4
4,2019-03-15,True,True,S2_2019-03-15,0323,4
1,2018-12-26,False,True,S2_2018-12-26,0074,7
2,2018-12-31,False,True,S2_2018-12-31,0074,7
3,2019-01-05,False,True,S2_2019-01-05,0074,7
4,2019-01-10,False,True,S2_2019-01-10,0074,7
5,2019-01-30,False,True,S2_2019-01-30,0074,7
6,2019-02-04,False,True,S2_2019-02-04,0074,7
7,2019-02-14,False,True,S2_2019-02-14,0074,7
1,2019-01-26,False,False,S2_2019-01-26,0156,9
2,2019-01-31,False,True,S2_2019-01-31,0156,9
3,2019-02-10,False,True,S2_2019-02-10,0156,9
4,2019-02-25,False,True,S2_2019-02-25,0156,9
5,2019-03-12,True,True,S2_2019-03-12,0156,9
6,2019-04-01,True,False,S2_2019-04-01,0156,9
7,2019-04-06,True,False,S2_2019-04-06,0156,9
8,2019-04-16,True,True,S2_2019-04-16,0156,9
9,2019-04-21,True,False,S2_2019-04-21,0156,9
1,2019-02-25,False,True,S2_2019-02-25,0255,9
2,2019-03-02,False,True,S2_2019-03-02,0255,9
3,2019-03-04,False,True,S2_2019-03-04,0255,9
4,2019-03-07,False,True,S2_2019-03-07,0255,9
5,2019-03-09,False,True,S2_2019-03-09,0255,9
6,2019-03-12,False,True,S2_2019-03-12,0255,9
7,2019-03-17,False,False,S2_2019-03-17,0255,9
8,2019-03-19,False,True,S2_2019-03-19,0255,9
9,2019-03-22,False,True,S2_2019-03-22,0255,9
1,2019-02-02,False,True,S2_2019-02-02,0176,5
2,2019-02-27,False,True,S2_2019-02-27,0176,5
3,2019-03-29,True,True,S2_2019-03-29,0176,5
4,2019-04-13,True,True,S2_2019-04-13,0176,5
5,2019-04-18,True,True,S2_2019-04-18,0176,5
1,2018-12-25,False,True,S2_2018-12-25,0007,9
2,2018-12-30,False,True,S2_2018-12-30,0007,9
3,2019-01-09,False,True,S2_2019-01-09,0007,9
4,2019-01-14,False,True,S2_2019-01-14,0007,9
5,2019-01-19,False,True,S2_2019-01-19,0007,9
6,2019-01-24,False,True,S2_2019-01-24,0007,9
7,2019-01-29,False,True,S2_2019-01-29,0007,9
8,2019-02-03,False,True,S2_2019-02-03,0007,9
9,2019-02-08,False,False,S2_2019-02-08,0007,9
1,2019-02-13,False,False,S2_2019-02-13,0196,9
2,2019-02-23,False,True,S2_2019-02-23,0196,9
3,2019-02-28,False,True,S2_2019-02-28,0196,9
4,2019-03-10,False,True,S2_2019-03-10,0196,9
5,2019-03-25,True,True,S2_2019-03-25,0196,9
6,2019-04-04,True,True,S2_2019-04-04,0196,9
7,2019-04-14,True,True,S2_2019-04-14,0196,9
8,2019-04-19,True,False,S2_2019-04-19,0196,9
9,2019-04-24,True,True,S2_2019-04-24,0196,9
1,2019-02-13,False,False,S2_2019-02-13,0191,9
2,2019-02-23,False,True,S2_2019-02-23,0191,9
3,2019-02-28,False,True,S2_2019-02-28,0191,9
4,2019-03-10,False,True,S2_2019-03-10,0191,9
5,2019-03-25,True,True,S2_2019-03-25,0191,9
6,2019-04-04,True,True,S2_2019-04-04,0191,9
7,2019-04-14,True,True,S2_2019-04-14,0191,9
8,2019-04-19,True,False,S2_2019-04-19,0191,9
9,2019-04-24,True,True,S2_2019-04-24,0191,9
1,2018-12-13,False,True,S2_2018-12-13,0103,7
2,2018-12-28,False,True,S2_2018-12-28,0103,7
3,2019-01-02,False,True,S2_2019-01-02,0103,7
4,2019-01-22,False,True,S2_2019-01-22,0103,7
5,2019-01-27,False,True,S2_2019-01-27,0103,7
6,2019-02-06,False,True,S2_2019-02-06,0103,7
7,2019-02-11,False,True,S2_2019-02-11,0103,7
1,2019-03-09,False,True,S2_2019-03-09,0248,9
2,2019-03-12,False,True,S2_2019-03-12,0248,9
3,2019-03-17,False,True,S2_2019-03-17,0248,9
4,2019-03-19,False,False,S2_2019-03-19,0248,9
5,2019-03-22,False,True,S2_2019-03-22,0248,9
6,2019-03-27,False,False,S2_2019-03-27,0248,9
7,2019-04-08,False,True,S2_2019-04-08,0248,9
8,2019-04-21,False,True,S2_2019-04-21,0248,9
9,2019-04-23,True,True,S2_2019-04-23,0248,9
1,2019-02-25,False,True,S2_2019-02-25,47,9
2,2019-03-02,False,True,S2_2019-03-02,47,9
3,2019-03-04,False,True,S2_2019-03-04,47,9
4,2019-03-07,False,True,S2_2019-03-07,47,9
5,2019-03-09,False,True,S2_2019-03-09,47,9
6,2019-03-12,False,True,S2_2019-03-12,47,9
7,2019-03-17,False,True,S2_2019-03-17,47,9
8,2019-03-19,False,True,S2_2019-03-19,47,9
9,2019-03-22,False,True,S2_2019-03-22,47,9
1,2019-01-31,False,True,S2_2019-01-31,0161,5
2,2019-02-10,False,True,S2_2019-02-10,0161,5
3,2019-02-25,False,True,S2_2019-02-25,0161,5
4,2019-04-01,True,True,S2_2019-04-01,0161,5
5,2019-04-16,True,True,S2_2019-04-16,0161,5
1,2019-02-25,False,True,S2_2019-02-25,0254,9
2,2019-03-02,False,True,S2_2019-03-02,0254,9
3,2019-03-04,False,True,S2_2019-03-04,0254,9
4,2019-03-07,False,True,S2_2019-03-07,0254,9
5,2019-03-09,False,True,S2_2019-03-09,0254,9
6,2019-03-12,False,True,S2_2019-03-12,0254,9
7,2019-03-17,False,False,S2_2019-03-17,0254,9
8,2019-03-19,False,True,S2_2019-03-19,0254,9
9,2019-03-22,False,True,S2_2019-03-22,0254,9
1,2019-02-04,False,True,S2_2019-02-04,0070,1
1,2019-01-09,False,True,S2_2019-01-09,0303,4
2,2019-02-13,True,True,S2_2019-02-13,0303,4
3,2019-02-28,True,True,S2_2019-02-28,0303,4
4,2019-03-15,True,True,S2_2019-03-15,0303,4
1,2018-12-16,False,True,S2_2018-12-16,0134,9
2,2018-12-19,False,False,S2_2018-12-19,0134,9
3,2018-12-26,False,True,S2_2018-12-26,0134,9
4,2019-01-05,False,True,S2_2019-01-05,0134,9
5,2019-01-10,False,True,S2_2019-01-10,0134,9
6,2019-01-13,False,False,S2_2019-01-13,0134,9
7,2019-01-15,False,True,S2_2019-01-15,0134,9
8,2019-01-18,False,False,S2_2019-01-18,0134,9
9,2019-01-23,False,False,S2_2019-01-23,0134,9
1,2018-12-14,False,True,S2_2018-12-14,0027,4
2,2019-01-13,False,True,S2_2019-01-13,0027,4
3,2019-01-23,False,True,S2_2019-01-23,0027,4
4,2019-01-28,False,True,S2_2019-01-28,0027,4
1,2018-12-13,False,True,S2_2018-12-13,2,7
2,2018-12-28,False,True,S2_2018-12-28,2,7
3,2019-01-02,False,True,S2_2019-01-02,2,7
4,2019-01-22,False,True,S2_2019-01-22,2,7
5,2019-01-27,False,True,S2_2019-01-27,2,7
6,2019-02-06,False,True,S2_2019-02-06,2,7
7,2019-02-11,False,True,S2_2019-02-11,2,7
1,2019-01-09,False,True,S2_2019-01-09,0308,4
2,2019-02-13,True,True,S2_2019-02-13,0308,4
3,2019-02-28,True,True,S2_2019-02-28,0308,4
4,2019-03-15,True,True,S2_2019-03-15,0308,4
1,2018-12-28,False,True,S2_2018-12-28,0042,3
2,2019-01-02,False,False,S2_2019-01-02,0042,3
3,2019-02-01,False,True,S2_2019-02-01,0042,3
1,2019-01-26,False,False,S2_2019-01-26,11,9
2,2019-01-31,False,True,S2_2019-01-31,11,9
3,2019-02-10,False,True,S2_2019-02-10,11,9
4,2019-02-25,False,True,S2_2019-02-25,11,9
5,2019-03-12,True,True,S2_2019-03-12,11,9
6,2019-04-01,True,False,S2_2019-04-01,11,9
7,2019-04-06,True,False,S2_2019-04-06,11,9
8,2019-04-16,True,True,S2_2019-04-16,11,9
9,2019-04-21,True,False,S2_2019-04-21,11,9
1,2018-12-15,False,True,S2_2018-12-15,0125,6
2,2018-12-17,False,True,S2_2018-12-17,0125,6
3,2018-12-27,False,True,S2_2018-12-27,0125,6
4,2019-01-24,False,True,S2_2019-01-24,0125,6
5,2019-01-31,False,True,S2_2019-01-31,0125,6
6,2019-02-10,False,True,S2_2019-02-10,0125,6
1,2019-02-13,False,False,S2_2019-02-13,0192,9
2,2019-02-23,False,True,S2_2019-02-23,0192,9
3,2019-02-28,False,True,S2_2019-02-28,0192,9
4,2019-03-10,False,True,S2_2019-03-10,0192,9
5,2019-03-25,True,True,S2_2019-03-25,0192,9
6,2019-04-04,True,True,S2_2019-04-04,0192,9
7,2019-04-14,True,True,S2_2019-04-14,0192,9
8,2019-04-19,True,False,S2_2019-04-19,0192,9
9,2019-04-24,True,True,S2_2019-04-24,0192,9
1,2019-02-13,False,True,S2_2019-02-13,0187,9
2,2019-02-23,False,True,S2_2019-02-23,0187,9
3,2019-02-28,False,True,S2_2019-02-28,0187,9
4,2019-03-10,False,False,S2_2019-03-10,0187,9
5,2019-03-25,True,True,S2_2019-03-25,0187,9
6,2019-04-04,True,True,S2_2019-04-04,0187,9
7,2019-04-14,True,False,S2_2019-04-14,0187,9
8,2019-04-19,True,True,S2_2019-04-19,0187,9
9,2019-04-24,True,True,S2_2019-04-24,0187,9
1,2018-12-13,False,True,S2_2018-12-13,0101,7
2,2018-12-28,False,True,S2_2018-12-28,0101,7
3,2019-01-02,False,True,S2_2019-01-02,0101,7
4,2019-01-22,False,True,S2_2019-01-22,0101,7
5,2019-01-27,False,True,S2_2019-01-27,0101,7
6,2019-02-06,False,True,S2_2019-02-06,0101,7
7,2019-02-11,False,True,S2_2019-02-11,0101,7
1,2019-02-25,False,True,S2_2019-02-25,0258,9
2,2019-03-02,False,True,S2_2019-03-02,0258,9
3,2019-03-04,False,True,S2_2019-03-04,0258,9
4,2019-03-07,False,True,S2_2019-03-07,0258,9
5,2019-03-09,False,True,S2_2019-03-09,0258,9
6,2019-03-12,False,True,S2_2019-03-12,0258,9
7,2019-03-17,False,False,S2_2019-03-17,0258,9
8,2019-03-19,False,True,S2_2019-03-19,0258,9
9,2019-03-22,False,True,S2_2019-03-22,0258,9
1,2018-12-28,False,True,S2_2018-12-28,59,3
2,2019-01-02,False,False,S2_2019-01-02,59,3
3,2019-02-01,False,True,S2_2019-02-01,59,3
1,2019-01-09,False,True,S2_2019-01-09,51,4
2,2019-02-13,True,True,S2_2019-02-13,51,4
3,2019-02-28,True,True,S2_2019-02-28,51,4
4,2019-03-15,True,True,S2_2019-03-15,51,4
1,2018-12-28,False,True,S2_2018-12-28,0035,3
2,2019-01-02,False,False,S2_2019-01-02,0035,3
3,2019-02-01,False,True,S2_2019-02-01,0035,3
1,2018-12-25,False,True,S2_2018-12-25,45,9
2,2018-12-30,False,True,S2_2018-12-30,45,9
3,2019-01-09,False,True,S2_2019-01-09,45,9
4,2019-01-14,False,True,S2_2019-01-14,45,9
5,2019-01-19,False,True,S2_2019-01-19,45,9
6,2019-01-24,False,True,S2_2019-01-24,45,9
7,2019-01-29,False,True,S2_2019-01-29,45,9
8,2019-02-03,False,True,S2_2019-02-03,45,9
9,2019-02-08,False,False,S2_2019-02-08,45,9
1,2019-01-09,False,True,S2_2019-01-09,0316,4
2,2019-02-13,True,True,S2_2019-02-13,0316,4
3,2019-02-28,True,True,S2_2019-02-28,0316,4
4,2019-03-15,True,True,S2_2019-03-15,0316,4
1,2019-02-25,False,True,S2_2019-02-25,0263,9
2,2019-03-02,False,True,S2_2019-03-02,0263,9
3,2019-03-04,False,True,S2_2019-03-04,0263,9
4,2019-03-07,False,True,S2_2019-03-07,0263,9
5,2019-03-09,False,True,S2_2019-03-09,0263,9
6,2019-03-12,False,True,S2_2019-03-12,0263,9
7,2019-03-17,False,False,S2_2019-03-17,0263,9
8,2019-03-19,False,True,S2_2019-03-19,0263,9
9,2019-03-22,False,True,S2_2019-03-22,0263,9
1,2018-12-15,False,True,S2_2018-12-15,0124,6
2,2018-12-17,False,True,S2_2018-12-17,0124,6
3,2018-12-27,False,True,S2_2018-12-27,0124,6
4,2019-01-24,False,True,S2_2019-01-24,0124,6
5,2019-01-31,False,True,S2_2019-01-31,0124,6
6,2019-02-10,False,True,S2_2019-02-10,0124,6
1,2018-12-15,False,False,S2_2018-12-15,52,9
2,2018-12-17,False,True,S2_2018-12-17,52,9
3,2018-12-20,False,False,S2_2018-12-20,52,9
4,2018-12-22,False,True,S2_2018-12-22,52,9
5,2018-12-30,False,False,S2_2018-12-30,52,9
6,2019-01-04,False,False,S2_2019-01-04,52,9
7,2019-01-06,False,True,S2_2019-01-06,52,9
8,2019-01-14,False,False,S2_2019-01-14,52,9
9,2019-01-16,False,True,S2_2019-01-16,52,9
1,2019-01-09,False,True,S2_2019-01-09,0324,4
2,2019-02-13,True,True,S2_2019-02-13,0324,4
3,2019-02-28,True,True,S2_2019-02-28,0324,4
4,2019-03-15,True,True,S2_2019-03-15,0324,4
1,2019-02-13,False,True,S2_2019-02-13,0186,9
2,2019-02-23,False,True,S2_2019-02-23,0186,9
3,2019-02-28,False,True,S2_2019-02-28,0186,9
4,2019-03-10,False,False,S2_2019-03-10,0186,9
5,2019-03-25,True,True,S2_2019-03-25,0186,9
6,2019-04-04,True,True,S2_2019-04-04,0186,9
7,2019-04-14,True,False,S2_2019-04-14,0186,9
8,2019-04-19,True,True,S2_2019-04-19,0186,9
9,2019-04-24,True,True,S2_2019-04-24,0186,9
1,2018-12-26,False,True,S2_2018-12-26,0088,7
2,2018-12-31,False,True,S2_2018-12-31,0088,7
3,2019-01-05,False,True,S2_2019-01-05,0088,7
4,2019-01-10,False,True,S2_2019-01-10,0088,7
5,2019-01-30,False,True,S2_2019-01-30,0088,7
6,2019-02-04,False,True,S2_2019-02-04,0088,7
7,2019-02-14,False,True,S2_2019-02-14,0088,7
1,2018-12-28,False,True,S2_2018-12-28,0029,3
2,2019-01-02,False,False,S2_2019-01-02,0029,3
3,2019-02-01,False,True,S2_2019-02-01,0029,3
1,2019-04-05,False,True,S2_2019-04-05,0294,4
2,2019-04-10,False,True,S2_2019-04-10,0294,4
3,2019-04-25,False,True,S2_2019-04-25,0294,4
4,2019-05-20,True,True,S2_2019-05-20,0294,4
1,2019-01-26,False,True,S2_2019-01-26,0159,9
2,2019-01-31,False,True,S2_2019-01-31,0159,9
3,2019-02-10,False,True,S2_2019-02-10,0159,9
4,2019-02-25,False,True,S2_2019-02-25,0159,9
5,2019-03-12,True,True,S2_2019-03-12,0159,9
6,2019-04-01,True,True,S2_2019-04-01,0159,9
7,2019-04-06,True,True,S2_2019-04-06,0159,9
8,2019-04-16,True,True,S2_2019-04-16,0159,9
9,2019-04-21,True,True,S2_2019-04-21,0159,9
1,2019-02-13,False,True,S2_2019-02-13,43,9
2,2019-02-23,False,True,S2_2019-02-23,43,9
3,2019-02-28,False,True,S2_2019-02-28,43,9
4,2019-03-10,False,False,S2_2019-03-10,43,9
5,2019-03-25,True,True,S2_2019-03-25,43,9
6,2019-04-04,True,True,S2_2019-04-04,43,9
7,2019-04-14,True,False,S2_2019-04-14,43,9
8,2019-04-19,True,True,S2_2019-04-19,43,9
9,2019-04-24,True,True,S2_2019-04-24,43,9
1,2018-12-28,False,True,S2_2018-12-28,0044,3
2,2019-01-02,False,False,S2_2019-01-02,0044,3
3,2019-02-01,False,True,S2_2019-02-01,0044,3
1,2018-12-28,False,True,S2_2018-12-28,0047,3
2,2019-01-02,False,False,S2_2019-01-02,0047,3
3,2019-02-01,False,True,S2_2019-02-01,0047,3
1,2019-02-25,False,True,S2_2019-02-25,0274,9
2,2019-03-02,False,True,S2_2019-03-02,0274,9
3,2019-03-04,False,True,S2_2019-03-04,0274,9
4,2019-03-07,False,True,S2_2019-03-07,0274,9
5,2019-03-09,False,True,S2_2019-03-09,0274,9
6,2019-03-12,False,True,S2_2019-03-12,0274,9
7,2019-03-17,False,True,S2_2019-03-17,0274,9
8,2019-03-19,False,True,S2_2019-03-19,0274,9
9,2019-03-22,False,True,S2_2019-03-22,0274,9
1,2019-01-31,False,True,S2_2019-01-31,0163,5
2,2019-02-10,False,True,S2_2019-02-10,0163,5
3,2019-02-25,False,True,S2_2019-02-25,0163,5
4,2019-04-01,True,True,S2_2019-04-01,0163,5
5,2019-04-16,True,True,S2_2019-04-16,0163,5
1,2019-02-13,False,False,S2_2019-02-13,0198,9
2,2019-02-23,False,True,S2_2019-02-23,0198,9
3,2019-02-28,False,True,S2_2019-02-28,0198,9
4,2019-03-10,False,True,S2_2019-03-10,0198,9
5,2019-03-25,True,True,S2_2019-03-25,0198,9
6,2019-04-04,True,True,S2_2019-04-04,0198,9
7,2019-04-14,True,True,S2_2019-04-14,0198,9
8,2019-04-19,True,False,S2_2019-04-19,0198,9
9,2019-04-24,True,True,S2_2019-04-24,0198,9
1,2019-02-25,False,True,S2_2019-02-25,0262,9
2,2019-03-02,False,True,S2_2019-03-02,0262,9
3,2019-03-04,False,True,S2_2019-03-04,0262,9
4,2019-03-07,False,True,S2_2019-03-07,0262,9
5,2019-03-09,False,True,S2_2019-03-09,0262,9
6,2019-03-12,False,True,S2_2019-03-12,0262,9
7,2019-03-17,False,False,S2_2019-03-17,0262,9
8,2019-03-19,False,True,S2_2019-03-19,0262,9
9,2019-03-22,False,True,S2_2019-03-22,0262,9
1,2018-12-13,False,True,S2_2018-12-13,0107,7
2,2018-12-28,False,True,S2_2018-12-28,0107,7
3,2019-01-02,False,True,S2_2019-01-02,0107,7
4,2019-01-22,False,True,S2_2019-01-22,0107,7
5,2019-01-27,False,True,S2_2019-01-27,0107,7
6,2019-02-06,False,True,S2_2019-02-06,0107,7
7,2019-02-11,False,True,S2_2019-02-11,0107,7
1,2019-02-25,False,True,S2_2019-02-25,0273,9
2,2019-03-02,False,True,S2_2019-03-02,0273,9
3,2019-03-04,False,True,S2_2019-03-04,0273,9
4,2019-03-07,False,True,S2_2019-03-07,0273,9
5,2019-03-09,False,True,S2_2019-03-09,0273,9
6,2019-03-12,False,True,S2_2019-03-12,0273,9
7,2019-03-17,False,True,S2_2019-03-17,0273,9
8,2019-03-19,False,True,S2_2019-03-19,0273,9
9,2019-03-22,False,True,S2_2019-03-22,0273,9
1,2019-02-23,False,True,S2_2019-02-23,0199,8
2,2019-02-28,False,True,S2_2019-02-28,0199,8
3,2019-03-10,False,True,S2_2019-03-10,0199,8
4,2019-03-25,True,True,S2_2019-03-25,0199,8
5,2019-04-04,True,True,S2_2019-04-04,0199,8
6,2019-04-14,True,True,S2_2019-04-14,0199,8
7,2019-04-24,True,True,S2_2019-04-24,0199,8
8,2019-04-29,True,True,S2_2019-04-29,0199,8
1,2019-02-04,False,True,S2_2019-02-04,0065,1
1,2019-01-09,False,True,S2_2019-01-09,0311,4
2,2019-02-13,True,True,S2_2019-02-13,0311,4
3,2019-02-28,True,True,S2_2019-02-28,0311,4
4,2019-03-15,True,True,S2_2019-03-15,0311,4
1,2018-12-26,False,True,S2_2018-12-26,0086,7
2,2018-12-31,False,True,S2_2018-12-31,0086,7
3,2019-01-05,False,True,S2_2019-01-05,0086,7
4,2019-01-10,False,True,S2_2019-01-10,0086,7
5,2019-01-30,False,True,S2_2019-01-30,0086,7
6,2019-02-04,False,True,S2_2019-02-04,0086,7
7,2019-02-14,False,True,S2_2019-02-14,0086,7
1,2018-12-28,False,True,S2_2018-12-28,0033,3
2,2019-01-02,False,False,S2_2019-01-02,0033,3
3,2019-02-01,False,True,S2_2019-02-01,0033,3
1,2019-03-09,False,True,S2_2019-03-09,0235,9
2,2019-03-12,False,True,S2_2019-03-12,0235,9
3,2019-03-17,False,True,S2_2019-03-17,0235,9
4,2019-03-19,False,True,S2_2019-03-19,0235,9
5,2019-03-22,False,True,S2_2019-03-22,0235,9
6,2019-03-27,False,False,S2_2019-03-27,0235,9
7,2019-04-08,False,True,S2_2019-04-08,0235,9
8,2019-04-21,False,True,S2_2019-04-21,0235,9
9,2019-04-23,True,True,S2_2019-04-23,0235,9
1,2019-02-01,False,True,S2_2019-02-01,1,7
2,2019-02-11,False,True,S2_2019-02-11,1,7
3,2019-02-21,False,True,S2_2019-02-21,1,7
4,2019-03-03,False,True,S2_2019-03-03,1,7
5,2019-03-28,True,True,S2_2019-03-28,1,7
6,2019-04-24,True,False,S2_2019-04-24,1,7
7,2019-04-27,True,True,S2_2019-04-27,1,7
1,2018-12-15,False,True,S2_2018-12-15,0126,6
2,2018-12-17,False,True,S2_2018-12-17,0126,6
3,2018-12-27,False,True,S2_2018-12-27,0126,6
4,2019-01-24,False,True,S2_2019-01-24,0126,6
5,2019-01-31,False,True,S2_2019-01-31,0126,6
6,2019-02-10,False,True,S2_2019-02-10,0126,6
1,2019-04-05,False,True,S2_2019-04-05,25,4
2,2019-04-10,False,True,S2_2019-04-10,25,4
3,2019-04-25,False,True,S2_2019-04-25,25,4
4,2019-05-20,True,True,S2_2019-05-20,25,4
1,2019-01-09,False,True,S2_2019-01-09,32,4
2,2019-02-13,True,True,S2_2019-02-13,32,4
3,2019-02-28,True,True,S2_2019-02-28,32,4
4,2019-03-15,True,True,S2_2019-03-15,32,4
1,2019-01-26,False,False,S2_2019-01-26,67,9
2,2019-01-31,False,True,S2_2019-01-31,67,9
3,2019-02-10,False,True,S2_2019-02-10,67,9
4,2019-02-25,False,True,S2_2019-02-25,67,9
5,2019-03-12,True,True,S2_2019-03-12,67,9
6,2019-04-01,True,False,S2_2019-04-01,67,9
7,2019-04-06,True,False,S2_2019-04-06,67,9
8,2019-04-16,True,True,S2_2019-04-16,67,9
9,2019-04-21,True,False,S2_2019-04-21,67,9
1,2019-02-13,False,True,S2_2019-02-13,0220,9
2,2019-02-23,False,True,S2_2019-02-23,0220,9
3,2019-02-28,False,True,S2_2019-02-28,0220,9
4,2019-03-10,False,False,S2_2019-03-10,0220,9
5,2019-03-25,True,True,S2_2019-03-25,0220,9
6,2019-04-04,True,True,S2_2019-04-04,0220,9
7,2019-04-14,True,False,S2_2019-04-14,0220,9
8,2019-04-19,True,True,S2_2019-04-19,0220,9
9,2019-04-24,True,True,S2_2019-04-24,0220,9
1,2018-12-28,False,True,S2_2018-12-28,17,3
2,2019-01-02,False,False,S2_2019-01-02,17,3
3,2019-02-01,False,True,S2_2019-02-01,17,3
1,2019-02-04,False,True,S2_2019-02-04,0069,1
1,2018-12-26,False,True,S2_2018-12-26,0077,7
2,2018-12-31,False,True,S2_2018-12-31,0077,7
3,2019-01-05,False,True,S2_2019-01-05,0077,7
4,2019-01-10,False,True,S2_2019-01-10,0077,7
5,2019-01-30,False,True,S2_2019-01-30,0077,7
6,2019-02-04,False,True,S2_2019-02-04,0077,7
7,2019-02-14,False,True,S2_2019-02-14,0077,7
1,2019-01-26,False,False,S2_2019-01-26,0150,9
2,2019-01-31,False,True,S2_2019-01-31,0150,9
3,2019-02-10,False,True,S2_2019-02-10,0150,9
4,2019-02-25,False,True,S2_2019-02-25,0150,9
5,2019-03-12,True,True,S2_2019-03-12,0150,9
6,2019-04-01,True,False,S2_2019-04-01,0150,9
7,2019-04-06,True,False,S2_2019-04-06,0150,9
8,2019-04-16,True,True,S2_2019-04-16,0150,9
9,2019-04-21,True,False,S2_2019-04-21,0150,9
1,2018-12-13,False,True,S2_2018-12-13,50,7
2,2018-12-28,False,True,S2_2018-12-28,50,7
3,2019-01-02,False,True,S2_2019-01-02,50,7
4,2019-01-22,False,True,S2_2019-01-22,50,7
5,2019-01-27,False,True,S2_2019-01-27,50,7
6,2019-02-06,False,True,S2_2019-02-06,50,7
7,2019-02-11,False,True,S2_2019-02-11,50,7
1,2018-12-25,False,True,S2_2018-12-25,30,9
2,2018-12-30,False,True,S2_2018-12-30,30,9
3,2019-01-09,False,True,S2_2019-01-09,30,9
4,2019-01-14,False,True,S2_2019-01-14,30,9
5,2019-01-19,False,True,S2_2019-01-19,30,9
6,2019-01-24,False,True,S2_2019-01-24,30,9
7,2019-01-29,False,True,S2_2019-01-29,30,9
8,2019-02-03,False,True,S2_2019-02-03,30,9
9,2019-02-08,False,False,S2_2019-02-08,30,9
1,2018-12-25,False,True,S2_2018-12-25,0011,9
2,2018-12-30,False,True,S2_2018-12-30,0011,9
3,2019-01-09,False,True,S2_2019-01-09,0011,9
4,2019-01-14,False,True,S2_2019-01-14,0011,9
5,2019-01-19,False,True,S2_2019-01-19,0011,9
6,2019-01-24,False,True,S2_2019-01-24,0011,9
7,2019-01-29,False,True,S2_2019-01-29,0011,9
8,2019-02-03,False,True,S2_2019-02-03,0011,9
9,2019-02-08,False,False,S2_2019-02-08,0011,9
1,2019-03-09,False,True,S2_2019-03-09,0243,9
2,2019-03-12,False,True,S2_2019-03-12,0243,9
3,2019-03-17,False,True,S2_2019-03-17,0243,9
4,2019-03-19,False,True,S2_2019-03-19,0243,9
5,2019-03-22,False,True,S2_2019-03-22,0243,9
6,2019-03-27,False,True,S2_2019-03-27,0243,9
7,2019-04-08,False,True,S2_2019-04-08,0243,9
8,2019-04-21,False,True,S2_2019-04-21,0243,9
9,2019-04-23,True,True,S2_2019-04-23,0243,9
1,2018-12-15,False,False,S2_2018-12-15,0005,9
2,2018-12-17,False,True,S2_2018-12-17,0005,9
3,2018-12-20,False,False,S2_2018-12-20,0005,9
4,2018-12-22,False,True,S2_2018-12-22,0005,9
5,2018-12-30,False,False,S2_2018-12-30,0005,9
6,2019-01-04,False,False,S2_2019-01-04,0005,9
7,2019-01-06,False,True,S2_2019-01-06,0005,9
8,2019-01-14,False,False,S2_2019-01-14,0005,9
9,2019-01-16,False,True,S2_2019-01-16,0005,9
1,2018-12-25,False,True,S2_2018-12-25,0009,9
2,2018-12-30,False,True,S2_2018-12-30,0009,9
3,2019-01-09,False,True,S2_2019-01-09,0009,9
4,2019-01-14,False,True,S2_2019-01-14,0009,9
5,2019-01-19,False,True,S2_2019-01-19,0009,9
6,2019-01-24,False,True,S2_2019-01-24,0009,9
7,2019-01-29,False,True,S2_2019-01-29,0009,9
8,2019-02-03,False,True,S2_2019-02-03,0009,9
9,2019-02-08,False,False,S2_2019-02-08,0009,9
1,2019-01-09,False,True,S2_2019-01-09,0299,4
2,2019-02-13,True,True,S2_2019-02-13,0299,4
3,2019-02-28,True,True,S2_2019-02-28,0299,4
4,2019-03-15,True,True,S2_2019-03-15,0299,4
1,2018-12-25,False,True,S2_2018-12-25,0015,9
2,2018-12-30,False,True,S2_2018-12-30,0015,9
3,2019-01-09,False,True,S2_2019-01-09,0015,9
4,2019-01-14,False,True,S2_2019-01-14,0015,9
5,2019-01-19,False,True,S2_2019-01-19,0015,9
6,2019-01-24,False,True,S2_2019-01-24,0015,9
7,2019-01-29,False,True,S2_2019-01-29,0015,9
8,2019-02-03,False,True,S2_2019-02-03,0015,9
9,2019-02-08,False,False,S2_2019-02-08,0015,9
1,2018-12-26,False,True,S2_2018-12-26,0076,7
2,2018-12-31,False,True,S2_2018-12-31,0076,7
3,2019-01-05,False,True,S2_2019-01-05,0076,7
4,2019-01-10,False,True,S2_2019-01-10,0076,7
5,2019-01-30,False,True,S2_2019-01-30,0076,7
6,2019-02-04,False,True,S2_2019-02-04,0076,7
7,2019-02-14,False,True,S2_2019-02-14,0076,7
1,2018-12-13,False,True,S2_2018-12-13,0102,7
2,2018-12-28,False,True,S2_2018-12-28,0102,7
3,2019-01-02,False,True,S2_2019-01-02,0102,7
4,2019-01-22,False,True,S2_2019-01-22,0102,7
5,2019-01-27,False,True,S2_2019-01-27,0102,7
6,2019-02-06,False,True,S2_2019-02-06,0102,7
7,2019-02-11,False,True,S2_2019-02-11,0102,7
1,2018-12-13,False,True,S2_2018-12-13,0096,7
2,2018-12-28,False,True,S2_2018-12-28,0096,7
3,2019-01-02,False,True,S2_2019-01-02,0096,7
4,2019-01-22,False,True,S2_2019-01-22,0096,7
5,2019-01-27,False,True,S2_2019-01-27,0096,7
6,2019-02-06,False,True,S2_2019-02-06,0096,7
7,2019-02-11,False,True,S2_2019-02-11,0096,7
1,2019-02-02,False,True,S2_2019-02-02,0174,5
2,2019-02-27,False,True,S2_2019-02-27,0174,5
3,2019-03-29,True,False,S2_2019-03-29,0174,5
4,2019-04-13,True,True,S2_2019-04-13,0174,5
5,2019-04-18,True,True,S2_2019-04-18,0174,5
1,2019-01-26,False,True,S2_2019-01-26,0149,9
2,2019-01-31,False,True,S2_2019-01-31,0149,9
3,2019-02-10,False,True,S2_2019-02-10,0149,9
4,2019-02-25,False,True,S2_2019-02-25,0149,9
5,2019-03-12,True,True,S2_2019-03-12,0149,9
6,2019-04-01,True,True,S2_2019-04-01,0149,9
7,2019-04-06,True,True,S2_2019-04-06,0149,9
8,2019-04-16,True,True,S2_2019-04-16,0149,9
9,2019-04-21,True,True,S2_2019-04-21,0149,9
1,2018-12-13,False,True,S2_2018-12-13,0091,7
2,2018-12-28,False,True,S2_2018-12-28,0091,7
3,2019-01-02,False,True,S2_2019-01-02,0091,7
4,2019-01-22,False,True,S2_2019-01-22,0091,7
5,2019-01-27,False,True,S2_2019-01-27,0091,7
6,2019-02-06,False,True,S2_2019-02-06,0091,7
7,2019-02-11,False,True,S2_2019-02-11,0091,7
1,2018-12-26,False,True,S2_2018-12-26,0080,7
2,2018-12-31,False,True,S2_2018-12-31,0080,7
3,2019-01-05,False,True,S2_2019-01-05,0080,7
4,2019-01-10,False,True,S2_2019-01-10,0080,7
5,2019-01-30,False,True,S2_2019-01-30,0080,7
6,2019-02-04,False,True,S2_2019-02-04,0080,7
7,2019-02-14,False,True,S2_2019-02-14,0080,7
1,2018-12-26,False,True,S2_2018-12-26,29,7
2,2018-12-31,False,True,S2_2018-12-31,29,7
3,2019-01-05,False,True,S2_2019-01-05,29,7
4,2019-01-10,False,True,S2_2019-01-10,29,7
5,2019-01-30,False,True,S2_2019-01-30,29,7
6,2019-02-04,False,True,S2_2019-02-04,29,7
7,2019-02-14,False,True,S2_2019-02-14,29,7
